check_id,engine,category,priority,title,scope,cost,pass,source,min_version,max_version,run_on,requires,platform_skip,platform_priority,fix_effort,fix_risk,condition,thresholds,reads,ref,docs_url,status,since,superseded_by,threshold_changed
PG-SEC-012,postgresql,SEC,0,pg_hba.conf not readable: authentication exposure unverified,cluster,0,fast,derived,10,,any,,,,S,low,"Reading pg_hba_file_rules raised a permission error or the view is unavailable, so SEC-001, 002, 003, 006 and 007 are blind. Emitted in the META band so the reader knows.",,pg_hba_file_rules,reference/checks-postgres.md#pg-sec-012,https://www.postgresql.org/docs/current/auth-pg-hba-conf.html,active,0.1.0,,
PG-BAK-001,postgresql,BAK,1,No WAL archiving: point-in-time recovery impossible,setting,0,fast,sql,,,primary,,rds;aurora;cloudsql;azure;supabase;neon;crunchy;timescale;alloydb;heroku,,M,low,"archive_mode = off on a self-managed primary. Skipped on managed platforms, where BAK-010 fires instead. Confidence medium: snapshot-based strategies exist, but pg_dump alone is not PITR.",,pg_settings,reference/checks-postgres.md#pg-bak-001,https://www.postgresql.org/docs/current/continuous-archiving.html,active,0.1.0,,
PG-BAK-002,postgresql,BAK,1,archive_command is failing,cluster,0,fast,sql,9.4,,primary,,,,S,low,"pg_stat_archiver.failed_count > 0 AND last_failed_time > coalesce(last_archived_time, -infinity). WAL cannot be recycled, pg_wal grows, and the server eventually PANICs when the volume fills.",,pg_stat_archiver,reference/checks-postgres.md#pg-bak-002,https://www.postgresql.org/docs/current/runtime-config-wal.html#RUNTIME-CONFIG-WAL-ARCHIVING,active,0.1.0,,
PG-BAK-003,postgresql,BAK,1,WAL archiving stalled,cluster,1,fast,sql,12,,primary,pg_monitor,,,S,low,"archive_mode is on and either at least 10 .ready files are queued in pg_wal/archive_status, or archive_mode is on with a non-zero archive_timeout and last_archived_time is older than max(1 h, 3 x archive_timeout).",ready_files=10;stall_seconds=3600,"pg_stat_archiver, pg_ls_archive_statusdir(), pg_current_wal_lsn()",reference/checks-postgres.md#pg-bak-003,https://www.postgresql.org/docs/current/runtime-config-wal.html#RUNTIME-CONFIG-WAL-ARCHIVING,active,0.1.0,,
PG-BAK-004,postgresql,BAK,1,archive_command is a no-op (WAL archived to nowhere),setting,0,fast,sql,,,primary,,,,S,low,"archive_mode is on and archive_command matches an effective no-op: 'true', '/bin/true', ':', 'exit 0', 'cd .', or a comment. Archiving reports success and keeps nothing.",,pg_settings,reference/checks-postgres.md#pg-bak-004,https://www.postgresql.org/docs/current/runtime-config-wal.html#RUNTIME-CONFIG-WAL-ARCHIVING,active,0.1.0,,
PG-BAK-008,postgresql,BAK,1,Last successful base backup unknown or older than 7 days,cluster,0,fast,external,,,any,os;interview,,,M,low,"No backup tool output could be read (pgbackrest info, barman list-backups, wal-g backup-list) and the interview question is unanswered, so this fires with confidence low and details 'unverified'; or a tool reported the newest full/incremental as completed 7 or more days ago, or not OK.",backup_age_days=7,"external backup tool output, .db-triage.yml interview",reference/checks-postgres.md#pg-bak-008,https://www.postgresql.org/docs/current/backup.html,active,0.1.0,,
PG-CAP-001,postgresql,CAP,1,Data or WAL volume 90 percent or more full,host,0,fast,os,,,any,os,,,M,high,df of the data directory or of pg_wal (following symlinks) shows 90% or more used. PostgreSQL PANICs when pg_wal cannot extend.,used_fraction=0.90,df of data_directory and pg_wal,reference/checks-postgres.md#pg-cap-001,https://www.postgresql.org/docs/current/diskusage.html,active,0.1.0,,
PG-CORR-001,postgresql,CORR,1,Data checksum failures reported,database,0,fast,sql,12,,any,,,,L,high,"pg_stat_database.checksum_failures > 0 in any database, including the shared-objects row. Reported by the server, not inferred.",,pg_stat_database,reference/checks-postgres.md#pg-corr-001,https://www.postgresql.org/docs/current/checksums.html,active,0.1.0,,
PG-CORR-002,postgresql,CORR,1,zero_damaged_pages enabled,setting,0,fast,sql,,,any,,,,S,low,"zero_damaged_pages = on. Damaged pages are silently replaced with zeros on read, which is silent data loss.",,pg_settings,reference/checks-postgres.md#pg-corr-002,https://www.postgresql.org/docs/current/checksums.html,active,0.1.0,,
PG-CORR-003,postgresql,CORR,1,ignore_checksum_failure enabled,setting,0,fast,sql,,,any,,neon,,S,low,ignore_checksum_failure = on. Checksum mismatches are logged and the page is used anyway.,,pg_settings,reference/checks-postgres.md#pg-corr-003,https://www.postgresql.org/docs/current/checksums.html,active,0.1.0,,
PG-CORR-005,postgresql,CORR,1,Corruption messages in the recent server log,cluster,2,deep,log,10,,any,superuser;os,,,L,high,"Any of: 'invalid page in block', 'could not read block', 'unexpected chunk number', 'missing chunk number', 'unexpected zero page', 'page verification failed', 'WAL contains references to invalid pages', 'PANIC' in the last 50 MB of server log. Crash-only patterns route to REL-011 instead.",scan_bytes=52428800,server log via pg_current_logfile()/pg_read_file,reference/checks-postgres.md#pg-corr-005,https://www.postgresql.org/docs/current/checksums.html,active,0.1.0,,
PG-DUR-001,postgresql,DUR,1,fsync disabled,setting,0,fast,sql,,,any,,neon,,S,low,"fsync = off. Any operating-system crash or power loss can leave the cluster unrecoverable, not merely missing recent transactions.",,pg_settings,reference/checks-postgres.md#pg-dur-001,https://www.postgresql.org/docs/current/wal-reliability.html,active,0.1.0,,
PG-DUR-002,postgresql,DUR,1,full_page_writes disabled,setting,0,fast,sql,,,any,,neon,,S,low,full_page_writes = off. Torn pages after a crash are unrecoverable unless the filesystem guarantees atomic 8 kB writes (ZFS does; ext4 and xfs do not).,,pg_settings,reference/checks-postgres.md#pg-dur-002,https://www.postgresql.org/docs/current/wal-reliability.html,active,0.1.0,,
PG-REL-002,postgresql,REL,1,End-of-life major version reachable from the network,cluster,0,fast,derived,,,any,superuser,,,L,med,Derived: REL-001 and SEC-003 both fired. An unpatchable server is reachable from beyond the host.,,"REL-001, SEC-003",reference/checks-postgres.md#pg-rel-002,https://www.postgresql.org/support/versioning/,active,0.1.0,,
PG-REPL-001,postgresql,REPL,1,Synchronous replication configured but no synchronous standby connected,cluster,0,fast,sql,9.6,,primary,pg_monitor,,,S,med,"synchronous_standby_names is non-empty, no pg_stat_replication row has sync_state = 'sync' or 'quorum', and synchronous_commit is not 'off' or 'local'. Commits are hanging right now.",,"pg_settings, pg_stat_replication",reference/checks-postgres.md#pg-repl-001,https://www.postgresql.org/docs/current/warm-standby.html#SYNCHRONOUS-REPLICATION,active,0.1.0,,
PG-REPL-002,postgresql,REPL,1,Inactive replication slot retaining more than 10 GB of WAL,slot,0,fast,sql,9.4,,any,,,,S,med,"A slot with active = false whose restart_lsn is 10 GB or more behind the current WAL position, or whose wal_status is 'unreserved' (13+). pg_wal grows until the volume fills and the primary PANICs.",retained_bytes=10737418240,"pg_replication_slots, pg_current_wal_lsn()",reference/checks-postgres.md#pg-repl-002,https://www.postgresql.org/docs/current/warm-standby.html#STREAMING-REPLICATION-SLOTS,active,0.1.0,,
PG-SEC-001,postgresql,SEC,1,trust authentication reachable over the network,cluster,0,fast,sql,10,,any,superuser,rds;aurora;cloudsql;azure;supabase;neon;crunchy;timescale;alloydb;heroku,,S,med,"A host, hostssl or hostnossl pg_hba rule with auth_method = 'trust' whose address is not 127.0.0.1/32 or ::1/128 and whose error column is null. Anyone who can reach the port is any role they name.",,pg_hba_file_rules,reference/checks-postgres.md#pg-sec-001,https://www.postgresql.org/docs/current/auth-methods.html,active,0.1.0,,
PG-WRAP-001,postgresql,WRAP,1,Transaction ID or MultiXact wraparound imminent,database,0,fast,sql,,,any,,,,M,low,"greatest(age(datfrozenxid), mxid_age(datminmxid)) >= 1,500,000,000 for any database, including templates. At 2^31 the cluster refuses new XIDs and stops accepting writes.",xid_age=1500000000,pg_database,reference/checks-postgres.md#pg-wrap-001,https://www.postgresql.org/docs/current/routine-vacuuming.html#VACUUM-FOR-WRAPAROUND,active,0.1.0,,
PG-BAK-005,postgresql,BAK,5,Archiving enabled but no archive_command or archive_library set,setting,0,fast,sql,,,primary,,,,S,low,archive_mode <> off and both archive_command and archive_library (15+) are empty. WAL is retained forever and the log fills with warnings.,,pg_settings,reference/checks-postgres.md#pg-bak-005,https://www.postgresql.org/docs/current/runtime-config-wal.html#RUNTIME-CONFIG-WAL-ARCHIVING,active,0.1.0,,
PG-CONN-001,postgresql,CONN,5,Connections at 90 percent or more of max_connections,cluster,0,fast,sql,10,,any,pg_monitor,,,M,med,"Client backends >= 0.90 x (max_connections - superuser_reserved_connections - reserved_connections). The next spike returns 'FATAL: sorry, too many clients already'.",conn_fraction=0.90,"pg_stat_activity, pg_settings",reference/checks-postgres.md#pg-conn-001,https://www.postgresql.org/docs/current/runtime-config-connection.html,active,0.1.0,,
PG-LOCK-006,postgresql,LOCK,5,Orphaned prepared transactions,cluster,0,fast,sql,,,any,,,,S,high,"A row in pg_prepared_xacts prepared 1 hour or more ago. Prepared transactions hold locks and the xmin horizon indefinitely, survive restarts, and are invisible in pg_stat_activity.",prepared_seconds=3600,pg_prepared_xacts,reference/checks-postgres.md#pg-lock-006,https://www.postgresql.org/docs/current/sql-prepare-transaction.html,active,0.1.0,,
PG-REPL-003,postgresql,REPL,5,Inactive replication slot retaining more than 1 GB of WAL,slot,0,fast,sql,9.4,,any,,,,S,med,A slot with active = false retaining between 1 GB and 10 GB of WAL.,retained_bytes=1073741824;retained_bytes_high=10737418240,"pg_replication_slots, pg_current_wal_lsn()",reference/checks-postgres.md#pg-repl-003,https://www.postgresql.org/docs/current/warm-standby.html#STREAMING-REPLICATION-SLOTS,active,0.1.0,,
PG-REPL-006,postgresql,REPL,5,Streaming replica lagging badly,replica,0,fast,sql,10,,primary,pg_monitor,,,M,low,"pg_wal_lsn_diff(sent_lsn, replay_lsn) >= 1 GB or replay_lag >= 5 minutes for a connected standby. A failover now would lose minutes of data or take minutes to complete.",lag_bytes=1073741824;lag_seconds=300,pg_stat_replication,reference/checks-postgres.md#pg-repl-006,https://www.postgresql.org/docs/current/warm-standby.html,active,0.1.0,,
PG-REPL-008,postgresql,REPL,5,Standby not streaming,cluster,0,fast,sql,9.6,,standby,,,,M,low,In recovery and either pg_stat_wal_receiver is empty or its status is not 'streaming' while restore_command is empty; or the receive-to-replay gap is 1 GB or more (replay stalled).,replay_gap_bytes=1073741824,"pg_stat_wal_receiver, pg_last_wal_receive_lsn(), pg_last_wal_replay_lsn()",reference/checks-postgres.md#pg-repl-008,https://www.postgresql.org/docs/current/warm-standby.html,active,0.1.0,,
PG-SCHEMA-001,postgresql,SCHEMA,5,Sequence or integer key at 90 percent or more of its range,relation,1,fast,sql,10,,any,,,,L,high,"last_value / effective_max >= 0.90, where effective_max is min(max_value, the maximum of the owning column's type: 32,767 / 2,147,483,647 / 9.22e18). Inserts fail with 'nextval: reached maximum value' or 'integer out of range'.",exhaustion_fraction=0.90,"pg_sequences, pg_depend, pg_attribute",reference/checks-postgres.md#pg-schema-001,https://www.postgresql.org/docs/current/sql-createsequence.html,active,0.1.0,,
PG-SEC-002,postgresql,SEC,5,Cleartext password authentication over the network,cluster,0,fast,sql,10,,any,superuser,rds;aurora;cloudsql;azure;supabase;neon;crunchy;timescale;alloydb;heroku,,S,med,A host or hostnossl pg_hba rule with auth_method = 'password'. The password crosses the network in the clear.,,pg_hba_file_rules,reference/checks-postgres.md#pg-sec-002,https://www.postgresql.org/docs/current/auth-password.html,active,0.1.0,,
PG-WRAP-005,postgresql,WRAP,5,Autovacuum disabled,setting,0,fast,sql,,,any,,,,S,low,"pg_settings.autovacuum = off. The emergency anti-wraparound vacuum still runs, which is why this is P5 and not P1, but nothing else does: bloat and stale statistics grow without bound.",,pg_settings,reference/checks-postgres.md#pg-wrap-005,https://www.postgresql.org/docs/current/runtime-config-autovacuum.html,active,0.1.0,,
PG-WRAP-006,postgresql,WRAP,5,Statistics tracking disabled (autovacuum blind),setting,0,fast,sql,,,any,,,,S,low,"pg_settings.track_counts = off. Autovacuum cannot see dead tuples, so only anti-wraparound vacuums will ever run.",,pg_settings,reference/checks-postgres.md#pg-wrap-006,https://www.postgresql.org/docs/current/runtime-config-autovacuum.html,active,0.1.0,,
PG-DUR-003,postgresql,DUR,10,synchronous_commit off cluster-wide,setting,0,fast,sql,,,any,,,,S,low,synchronous_commit = off at server level. Bounded loss of up to about 3 x wal_writer_delay (600 ms by default) on a crash. Often deliberate; always worth knowing about.,,pg_settings,reference/checks-postgres.md#pg-dur-003,https://www.postgresql.org/docs/current/runtime-config-wal.html,active,0.1.0,,
PG-LOCK-001,postgresql,LOCK,10,Blocking chain: session blocked more than 5 minutes,session,0,fast,sql,9.6,,any,pg_monitor,,,S,med,"A backend with a non-empty pg_blocking_pids() that has been waiting since state_change for 5 minutes or more. Details name the root blocker, its state, transaction start and query fingerprint.",blocked_seconds=300,"pg_stat_activity, pg_blocking_pids()",reference/checks-postgres.md#pg-lock-001,https://www.postgresql.org/docs/current/explicit-locking.html,active,0.1.0,,
PG-LOCK-003,postgresql,LOCK,10,Idle in transaction for more than 1 hour,session,0,fast,sql,10,,any,pg_monitor,,,S,med,"A backend in state 'idle in transaction' (or 'idle in transaction (aborted)') since state_change 1 hour or more ago. It holds locks and the xmin horizon, and blocks DDL and vacuum.",idle_seconds=3600,pg_stat_activity,reference/checks-postgres.md#pg-lock-003,https://www.postgresql.org/docs/current/monitoring-stats.html#MONITORING-PG-STAT-ACTIVITY-VIEW,active,0.1.0,,
PG-REL-005,postgresql,REL,10,Server restarted within the last 24 hours,cluster,0,fast,sql,,,any,,,,S,low,"now() - pg_postmaster_start_time() < 24 hours. Every counter-based check is low confidence, and the reason for the restart is itself worth knowing (see REL-011).",uptime_seconds=86400,pg_postmaster_start_time(),reference/checks-postgres.md#pg-rel-005,https://www.postgresql.org/docs/current/server-start.html,active,0.1.0,,
PG-REPL-005,postgresql,REPL,10,Replication slot invalidated or lost,slot,0,fast,sql,13,,any,,,,M,med,"pg_replication_slots.wal_status = 'lost' (13+), or conflicting = true (16+), or invalidation_reason is set (17+). The consumer must be re-initialised; the slot still exists and misleads anyone reading the topology.",,pg_replication_slots,reference/checks-postgres.md#pg-repl-005,https://www.postgresql.org/docs/current/warm-standby.html#STREAMING-REPLICATION-SLOTS,active,0.1.0,,
PG-REPL-012,postgresql,REPL,10,Logical subscription disabled or erroring,cluster,0,fast,sql,10,,any,pg_monitor,,,M,med,pg_subscription.subenabled = false; or enabled with no worker pid in pg_stat_subscription; or pg_stat_subscription_stats.apply_error_count/sync_error_count > 0 (15+). Data diverges while the publisher's slot keeps retaining WAL.,,"pg_subscription, pg_stat_subscription, pg_stat_subscription_stats",reference/checks-postgres.md#pg-repl-012,https://www.postgresql.org/docs/current/logical-replication-subscription.html,active,0.1.0,,
PG-REPL-013,postgresql,REPL,10,Published table without a usable replica identity,relation,1,fast,sql,10,,primary,,,,M,med,A table published for UPDATE or DELETE with relreplident = 'n'; or 'd' with no primary key; or 'i' with no valid replica-identity index. UPDATE and DELETE on the publisher error out.,,"pg_publication_tables, pg_publication, pg_class, pg_index",reference/checks-postgres.md#pg-repl-013,https://www.postgresql.org/docs/current/logical-replication-publication.html,active,0.1.0,,
PG-WRAP-002,postgresql,WRAP,10,Transaction ID or MultiXact age high,database,0,fast,sql,,,any,,,,M,low,"greatest(age(datfrozenxid), mxid_age(datminmxid)) >= 1,000,000,000 and < 1,500,000,000 in any database. Five times the default freeze age: autovacuum has been trying and failing for a long time.",xid_age=1000000000;xid_age_critical=1500000000,pg_database,reference/checks-postgres.md#pg-wrap-002,https://www.postgresql.org/docs/current/routine-vacuuming.html#VACUUM-FOR-WRAPAROUND,active,0.1.0,,
PG-BAK-006,postgresql,BAK,20,wal_level = minimal,setting,0,fast,sql,,,any,,,,M,low,"wal_level = minimal. No archiving, no streaming replication and no online base backup are possible without a restart.",,pg_settings,reference/checks-postgres.md#pg-bak-006,https://www.postgresql.org/docs/current/runtime-config-wal.html,active,0.1.0,,
PG-CAP-002,postgresql,CAP,20,Data or WAL volume 80 percent or more full,host,0,fast,os,,,any,os,,,M,med,As CAP-001 at 80% or more and below 90%.,used_fraction=0.80;used_fraction_high=0.90,df of data_directory and pg_wal,reference/checks-postgres.md#pg-cap-002,https://www.postgresql.org/docs/current/diskusage.html,active,0.1.0,,
PG-CAP-003,postgresql,CAP,20,Projected disk-full within 30 days,host,0,fast,derived,,,any,os,,,M,med,Growth measured between two saved snapshots projects 100% usage within 30 days. Confidence low with fewer than 7 days between snapshots.,projection_days=30;min_snapshot_days=7,saved snapshots plus CAP-001 inputs,reference/checks-postgres.md#pg-cap-003,https://www.postgresql.org/docs/current/diskusage.html,active,0.1.0,,
PG-CORR-006,postgresql,CORR,20,Collation version mismatch (index corruption risk),database,0,fast,sql,13,,any,,,,M,med,"pg_database.datcollversion differs from pg_database_collation_actual_version() (15+), or pg_collation.collversion differs from pg_collation_actual_version() (13+). A glibc or ICU upgrade changed sort order under existing text indexes, so index lookups can miss rows.",,"pg_database, pg_collation",reference/checks-postgres.md#pg-corr-006,https://www.postgresql.org/docs/current/collation.html,active,0.1.0,,
PG-LOCK-005,postgresql,LOCK,20,Client transaction open for more than 1 hour,session,0,fast,sql,10,,any,pg_monitor,,,S,med,"A client backend whose xact_start is 1 hour or older, excluding maintenance statements (VACUUM, CREATE INDEX, REINDEX, CLUSTER, COPY) and base-backup application names. It holds the xmin horizon, which is what VAC-005 measures.",xact_seconds=3600,pg_stat_activity,reference/checks-postgres.md#pg-lock-005,https://www.postgresql.org/docs/current/monitoring-stats.html#MONITORING-PG-STAT-ACTIVITY-VIEW,active,0.1.0,,
PG-MEM-001,postgresql,MEM,20,shared_buffers at the shipped default,setting,0,fast,sql,,,any,,rds;aurora;cloudsql;azure;supabase;neon;crunchy;timescale;alloydb;heroku,,M,low,"shared_buffers <= 128 MB. The shipped default is sized to start anywhere, not to run anything. Managed platforms size it themselves, so this almost always means an untuned self-managed server.",shared_buffers_bytes=134217728,pg_settings,reference/checks-postgres.md#pg-mem-001,https://www.postgresql.org/docs/current/runtime-config-resource.html,active,0.1.0,,
PG-REL-001,postgresql,REL,20,Major version past end of life,cluster,0,fast,derived,,,any,,,,L,med,The running major version's end-of-life date in reference/versions.yml is in the past. No security fixes are issued. Escalates to REL-002 at P1 when SEC-003 also fired.,,"server_version_num, reference/versions.yml",reference/checks-postgres.md#pg-rel-001,https://www.postgresql.org/support/versioning/,active,0.1.0,,
PG-REL-011,postgresql,REL,20,Crash or OOM-kill evidence in the recent server log,cluster,2,deep,log,10,,any,superuser;os,,,M,med,"Any of 'was terminated by signal 9', 'server process ... was terminated by signal', 'database system was not properly shut down', 'terminating any other active server processes' in the recent log. Deep pass only.",scan_bytes=52428800,server log,reference/checks-postgres.md#pg-rel-011,https://www.postgresql.org/docs/current/error-message-reporting.html,active,0.1.0,,
PG-WRAP-007,postgresql,WRAP,20,autovacuum_freeze_max_age raised to 1 billion or more,setting,0,fast,sql,,,any,,,,S,low,"autovacuum_freeze_max_age >= 1,000,000,000 or autovacuum_multixact_freeze_max_age >= 1,000,000,000. Halves the safety margin and lengthens the emergency freeze window.",freeze_max_age=1000000000,pg_settings,reference/checks-postgres.md#pg-wrap-007,https://www.postgresql.org/docs/current/runtime-config-autovacuum.html,active,0.1.0,,
PG-BAK-007,postgresql,BAK,50,archive_timeout unset on a low-write primary,setting,0,fast,sql,,,primary,,,,S,low,"archive_mode is on, archive_timeout = 0, and no pg_receivewal is connected. The current segment may not ship for hours, so the recovery point objective is undefined. 60-300 s is a typical setting.",,"pg_settings, pg_stat_replication",reference/checks-postgres.md#pg-bak-007,https://www.postgresql.org/docs/current/runtime-config-wal.html#RUNTIME-CONFIG-WAL-ARCHIVING,active,0.1.0,,
PG-BAK-009,postgresql,BAK,50,"Restore never tested, or RPO/RTO undocumented",interview,0,fast,interview,,,any,interview,,,L,low,"The answer to 'when was the last successful restore test?' is more than 90 days ago, never, or unknown; or RPO/RTO are not stated.",restore_test_days=90,.db-triage.yml interview,reference/checks-postgres.md#pg-bak-009,https://www.postgresql.org/docs/current/backup.html,active,0.1.0,,
PG-CONN-002,postgresql,CONN,50,Connections at 70 percent or more of max_connections,cluster,0,fast,sql,10,,any,pg_monitor,,,M,med,"Client backends >= 0.70 x usable max_connections, below the CONN-001 threshold.",conn_fraction=0.70;conn_fraction_high=0.90,"pg_stat_activity, pg_settings",reference/checks-postgres.md#pg-conn-002,https://www.postgresql.org/docs/current/runtime-config-connection.html,active,0.1.0,,
PG-CONN-003,postgresql,CONN,50,max_connections very high with no evidence of a pooler,setting,0,fast,sql,10,,any,pg_monitor,,,L,med,"max_connections >= 500 and neither a known pooler application_name (pgbouncer, pgpool, pgcat, odyssey, supavisor, rds_proxy) nor 80% of connections arriving from 3 or fewer addresses. Each backend is an operating-system process.",max_conn=500;pooler_address_fraction=0.8;pooler_address_count=3,"pg_settings, pg_stat_activity",reference/checks-postgres.md#pg-conn-003,https://www.postgresql.org/docs/current/runtime-config-connection.html,active,0.1.0,,
PG-CONN-008,postgresql,CONN,50,Sessions currently waiting on locks,cluster,0,fast,sql,10,,any,pg_monitor,,,M,low,At least 10 sessions with wait_event_type = 'Lock' at snapshot time. See LOCK-001/002 for the chain.,waiting_sessions=10,pg_stat_activity,reference/checks-postgres.md#pg-conn-008,https://www.postgresql.org/docs/current/explicit-locking.html,active,0.1.0,,
PG-CORR-004,postgresql,CORR,50,Data checksums disabled,cluster,0,fast,sql,,,any,,rds;aurora;cloudsql;azure;supabase;neon,,L,med,current_setting('data_checksums') = off. Silent storage corruption cannot be detected. Enabling requires pg_checksums with the cluster shut down (12+) or a logical rebuild.,,pg_settings,reference/checks-postgres.md#pg-corr-004,https://www.postgresql.org/docs/current/checksums.html,active,0.1.0,,
PG-IDX-001,postgresql,IDX,50,Invalid index,index,1,fast,sql,,,any,,,,S,low,"pg_index.indisvalid = false or indisready = false. Left behind by a failed CREATE INDEX CONCURRENTLY: maintained on every write, never used by the planner, and if unique it still blocks conflicting inserts.",,"pg_index, pg_class",reference/checks-postgres.md#pg-idx-001,https://www.postgresql.org/docs/current/sql-createindex.html,active,0.1.0,,
PG-IDX-002,postgresql,IDX,50,Unused index 1 GB or larger,index,1,fast,sql,,,primary,,,,S,med,"idx_scan = 0, size >= 1 GB, statistics age >= 30 days, and the index is not unique, primary or a replica identity. Usage counters are per instance: verify on every replica before dropping.",min_bytes=1073741824;stats_age_days=30,"pg_stat_user_indexes, pg_index, pg_class",reference/checks-postgres.md#pg-idx-002,https://www.postgresql.org/docs/current/monitoring-stats.html#MONITORING-PG-STAT-ALL-INDEXES-VIEW,active,0.1.0,,
PG-IDX-004,postgresql,IDX,50,Duplicate indexes,index,1,fast,sql,,,any,,,,S,low,"Two or more indexes on the same table identical in indkey, indclass, indoption, indexprs, indpred and uniqueness. Pure write amplification and storage waste; keep the one backing a constraint.",,"pg_index, pg_class",reference/checks-postgres.md#pg-idx-004,https://www.postgresql.org/docs/current/indexes.html,active,0.1.0,,
PG-IDX-006,postgresql,IDX,50,Estimated B-tree bloat over 50 percent (500 MB or more wasted),index,1,fast,sql,,,any,,,,M,med,"Catalog-only estimator: estimated index bloat >= 50% and >= 500 MB wasted. Estimated, not measured. Fix with REINDEX INDEX CONCURRENTLY (12+).",bloat_pct=50;wasted_bytes=524288000;top_n=10,"pg_index, pg_class, pg_attribute, pg_stats",reference/checks-postgres.md#pg-idx-006,https://www.postgresql.org/docs/current/sql-reindex.html,active,0.1.0,,
PG-IDX-008,postgresql,IDX,50,Unindexed foreign key on a large table,relation,1,fast,sql,,,any,,,,S,low,"A foreign-key constraint with no index whose leading key columns equal conkey in order, on a child table of 100 MB or more. A parent DELETE or key UPDATE then sequentially scans the child under a share lock, and at this size one such scan is expensive whatever the parent's write rate is. The write-activity tier is PG-IDX-018; everything below both is PG-IDX-009.",min_bytes=104857600,"pg_constraint, pg_index, pg_class",reference/checks-postgres.md#pg-idx-008,https://www.postgresql.org/docs/current/ddl-constraints.html#DDL-CONSTRAINTS-FK,active,0.1.0,,0.2.0
PG-IDX-010,postgresql,IDX,50,Large table with heavy sequential scans,relation,1,fast,sql,,,any,,,,M,low,"Table 1 GB or larger, seq_scan >= 100 since reset, average rows per sequential scan >= 100,000, and sequential scans are at least 5% of all scans. Confidence medium: batch jobs scan legitimately.",min_bytes=1073741824;min_seq_scans=100;rows_per_scan=100000;seq_fraction=0.05;top_n=10,"pg_stat_user_tables, pg_class",reference/checks-postgres.md#pg-idx-010,https://www.postgresql.org/docs/current/monitoring-stats.html#MONITORING-PG-STAT-ALL-TABLES-VIEW,active,0.1.0,,
PG-LOCK-002,postgresql,LOCK,50,Blocking chain: session blocked more than 30 seconds,session,0,fast,sql,9.6,,any,pg_monitor,,,S,med,As LOCK-001 but with a wait of 30 seconds or more and less than 5 minutes.,blocked_seconds=30;blocked_seconds_high=300,"pg_stat_activity, pg_blocking_pids()",reference/checks-postgres.md#pg-lock-002,https://www.postgresql.org/docs/current/explicit-locking.html,active,0.1.0,,
PG-LOCK-004,postgresql,LOCK,50,Idle in transaction for more than 5 minutes,session,0,fast,sql,10,,any,pg_monitor,,,S,med,As LOCK-003 but 5 minutes or more and less than 1 hour.,idle_seconds=300;idle_seconds_high=3600,pg_stat_activity,reference/checks-postgres.md#pg-lock-004,https://www.postgresql.org/docs/current/monitoring-stats.html#MONITORING-PG-STAT-ACTIVITY-VIEW,active,0.1.0,,
PG-MEM-003,postgresql,MEM,50,Worst-case memory commitment exceeds RAM (OOM risk),setting,0,fast,sql,,,any,os,,,M,med,"shared_buffers + max_connections x work_mem x max(2, hash_mem_multiplier) + autovacuum_max_workers x coalesce(autovacuum_work_mem, maintenance_work_mem) >= RAM. The OOM killer takes out the postmaster, not the offending backend. Fires at P100 with the computed figure when RAM is unknown.",ram_bytes=0;ram_fraction=1.0,"pg_settings, baseline.ram_gb",reference/checks-postgres.md#pg-mem-003,https://www.postgresql.org/docs/current/runtime-config-resource.html,active,0.1.0,,
PG-REPL-004,postgresql,REPL,50,Inactive replication slot,slot,0,fast,sql,9.4,,any,,,,S,med,"A slot with active = false retaining less than 1 GB. The consumer may be gone for good; details include inactive_since (17+), slot type and output plugin.",retained_bytes_low=1073741824,pg_replication_slots,reference/checks-postgres.md#pg-repl-004,https://www.postgresql.org/docs/current/warm-standby.html#STREAMING-REPLICATION-SLOTS,active,0.1.0,,
PG-REPL-007,postgresql,REPL,50,Streaming replica lag moderate,replica,0,fast,sql,10,,primary,pg_monitor,,,M,low,"pg_wal_lsn_diff(sent_lsn, replay_lsn) >= 100 MB or replay_lag >= 30 s, below the REPL-006 thresholds.",lag_bytes=104857600;lag_seconds=30;lag_bytes_high=1073741824;lag_seconds_high=300,pg_stat_replication,reference/checks-postgres.md#pg-repl-007,https://www.postgresql.org/docs/current/warm-standby.html,active,0.1.0,,
PG-REPL-009,postgresql,REPL,50,Slot WAL retention unbounded,setting,0,fast,sql,13,,primary,,,,S,low,"PostgreSQL 13 or newer, at least one replication slot exists, and max_slot_wal_keep_size = -1. A dead consumer can then fill the WAL volume and take down the primary. Size a cap to the volume, for example 20-50 GB.",,"pg_settings, pg_replication_slots",reference/checks-postgres.md#pg-repl-009,https://www.postgresql.org/docs/current/runtime-config-replication.html,active,0.1.0,,
PG-REPL-010,postgresql,REPL,50,Standby streaming without a slot while wal_keep_size is 0,replica,0,fast,sql,9.4,,primary,pg_monitor,,,S,low,"A pg_stat_replication row whose pid is not any slot's active_pid, while wal_keep_size (or wal_keep_segments before 13) is 0. Any network interruption that outlasts checkpoint recycling forces a rebuild of that standby.",,"pg_stat_replication, pg_replication_slots, pg_settings",reference/checks-postgres.md#pg-repl-010,https://www.postgresql.org/docs/current/runtime-config-replication.html,active,0.1.0,,
PG-REPL-011,postgresql,REPL,50,Standby query conflicts high,database,0,fast,sql,,,standby,,,,M,med,"On a standby, total pg_stat_database_conflicts divided by days since stats reset is 100 per day or more. Queries are being cancelled; consider hot_standby_feedback (and its primary-side bloat cost) or a larger max_standby_streaming_delay.",conflicts_per_day=100,"pg_stat_database_conflicts, pg_stat_database",reference/checks-postgres.md#pg-repl-011,https://www.postgresql.org/docs/current/hot-standby.html#HOT-STANDBY-CONFLICT,active,0.1.0,,
PG-REPL-014,postgresql,REPL,50,Synchronous standby with high flush lag,replica,0,fast,sql,10,,primary,pg_monitor,,,M,med,A standby with sync_state = 'sync' whose flush_lag is 1 second or more. Every commit on the primary waits that long.,flush_lag_seconds=1,pg_stat_replication,reference/checks-postgres.md#pg-repl-014,https://www.postgresql.org/docs/current/warm-standby.html#SYNCHRONOUS-REPLICATION,active,0.1.0,,
PG-REPL-015,postgresql,REPL,50,WAL senders or replication slots at capacity,cluster,0,fast,sql,9.4,,primary,pg_monitor,,,M,low,"Connected WAL senders >= max_wal_senders, or existing slots >= max_replication_slots. A new standby or a base backup cannot connect.",,"pg_stat_replication, pg_replication_slots, pg_settings",reference/checks-postgres.md#pg-repl-015,https://www.postgresql.org/docs/current/runtime-config-replication.html,active,0.1.0,,
PG-SCHEMA-002,postgresql,SCHEMA,50,Sequence or integer key at 70 percent or more of its range,relation,1,fast,sql,10,,any,,,,L,high,"As SCHEMA-001 but between 70% and 90%. Time to plan the bigint migration, which is a full table rewrite on a large table.",exhaustion_fraction=0.70;exhaustion_fraction_high=0.90,"pg_sequences, pg_depend, pg_attribute",reference/checks-postgres.md#pg-schema-002,https://www.postgresql.org/docs/current/sql-createsequence.html,active,0.1.0,,
PG-SEC-003,postgresql,SEC,50,Listening on all interfaces with world-open HBA rules,cluster,0,fast,sql,10,,any,superuser,rds;aurora;cloudsql;azure;supabase;neon;crunchy;timescale;alloydb;heroku,,M,med,"listen_addresses is '*', '0.0.0.0' or '::' AND a host rule matches 0.0.0.0/0, ::/0, 'all' or 'samenet' for database 'all'. Confidence low: a firewall or security group may be in front; the report asks.",,"pg_settings, pg_hba_file_rules",reference/checks-postgres.md#pg-sec-003,https://www.postgresql.org/docs/current/auth-pg-hba-conf.html,active,0.1.0,,
PG-SEC-004,postgresql,SEC,50,SSL disabled while accepting non-local connections,setting,0,fast,sql,,,any,,rds;aurora;cloudsql;azure;supabase;neon;crunchy;timescale;alloydb;heroku,,M,med,ssl = off and listen_addresses is not localhost-only. Credentials and data travel in clear text.,,pg_settings,reference/checks-postgres.md#pg-sec-004,https://www.postgresql.org/docs/current/ssl-tcp.html,active,0.1.0,,
PG-SEC-008,postgresql,SEC,50,Application connections running as superuser,role,0,fast,sql,10,,any,pg_monitor,,,L,med,"At least 5 concurrent client connections, or any connection from a non-local client_addr, under a superuser role whose application_name is not an interactive client (psql, pgAdmin, DBeaver, DataGrip, db-triage).",min_connections=5,"pg_stat_activity, pg_roles",reference/checks-postgres.md#pg-sec-008,https://www.postgresql.org/docs/current/role-attributes.html,active,0.1.0,,
PG-SEC-015,postgresql,SEC,50,User tables granting write privileges to PUBLIC,relation,1,fast,sql,,,any,,,,M,med,"A relation in a user schema with INSERT, UPDATE, DELETE or TRUNCATE granted to PUBLIC. Every role that can connect can write to it.",,pg_class.relacl via aclexplode,reference/checks-postgres.md#pg-sec-015,https://www.postgresql.org/docs/current/ddl-priv.html,active,0.1.0,,
PG-VAC-001,postgresql,VAC,50,Autovacuum running more than 6 hours on one relation,relation,0,fast,sql,9.6,,any,pg_monitor,,,M,low,A pg_stat_progress_vacuum row whose backend xact_start is more than 6 hours old. With default cost settings autovacuum moves roughly 8 MB/s of dirty pages; a run this long means the table needs per-table cost settings or partitioning.,duration_seconds=21600,"pg_stat_progress_vacuum, pg_stat_activity",reference/checks-postgres.md#pg-vac-001,https://www.postgresql.org/docs/current/progress-reporting.html,active,0.1.0,,
PG-VAC-002,postgresql,VAC,50,Autovacuum workers saturated,cluster,1,fast,sql,10,,any,pg_monitor,,,M,low,Running autovacuum workers equals autovacuum_max_workers AND at least 20 tables in this database currently exceed their vacuum threshold. Both conditions are required so an idle cluster that happens to have 3 workers busy does not fire.,overdue_tables=20,"pg_stat_activity, pg_settings, pg_stat_user_tables",reference/checks-postgres.md#pg-vac-002,https://www.postgresql.org/docs/current/runtime-config-autovacuum.html,active,0.1.0,,
PG-VAC-003,postgresql,VAC,50,Tables overdue for vacuum,relation,1,fast,sql,,,any,,,,M,low,"n_dead_tup > 2 x the table's effective vacuum threshold (autovacuum_vacuum_threshold + autovacuum_vacuum_scale_factor x n_live_tup, honouring reloptions) AND n_dead_tup >= 100,000 AND pg_relation_size >= 100 MB. Top 10 by n_dead_tup.",dead_multiple=2;min_dead_tuples=100000;min_bytes=104857600;top_n=10,"pg_stat_user_tables, pg_class, pg_settings",reference/checks-postgres.md#pg-vac-003,https://www.postgresql.org/docs/current/monitoring-stats.html#MONITORING-PG-STAT-ALL-TABLES-VIEW,active,0.1.0,,
PG-VAC-004,postgresql,VAC,50,Large tables never analyzed or with stale statistics,relation,1,fast,sql,,,any,,,,S,low,"(last_analyze and last_autoanalyze both null and n_live_tup >= 100,000) OR (n_mod_since_analyze > 0.2 x n_live_tup and n_live_tup >= 1,000,000). The planner is flying blind on exactly the tables where it matters.",never_analyzed_rows=100000;stale_fraction=0.2;stale_min_rows=1000000;top_n=10,pg_stat_user_tables,reference/checks-postgres.md#pg-vac-004,https://www.postgresql.org/docs/current/monitoring-stats.html#MONITORING-PG-STAT-ALL-TABLES-VIEW,active,0.1.0,,
PG-VAC-005,postgresql,VAC,50,Old transaction horizon holding back vacuum,cluster,0,fast,sql,9.6,,any,pg_monitor,,,M,med,"age() of the oldest xmin across pg_stat_activity.backend_xmin, pg_replication_slots.xmin/catalog_xmin, pg_prepared_xacts and pg_stat_replication.backend_xmin is >= 50,000,000 (25% of the default freeze age). Vacuum cannot remove anything newer than that xmin anywhere in the cluster.",xmin_age=50000000,"pg_stat_activity, pg_replication_slots, pg_prepared_xacts, pg_stat_replication",reference/checks-postgres.md#pg-vac-005,https://www.postgresql.org/docs/current/routine-vacuuming.html,active,0.1.0,,
PG-VAC-006,postgresql,VAC,50,Estimated table bloat over 50 percent (1 GB or more wasted),relation,1,fast,sql,,,any,,,,M,med,"Catalog-only estimator: estimated bloat >= 50% AND estimated wasted bytes >= 1 GB on relations >= 1 GB. Estimated, not measured; confirm with pgstattuple_approx before any rewrite.",bloat_pct=50;wasted_bytes=1073741824;min_bytes=1073741824;top_n=10,"pg_class, pg_attribute, pg_stats, pg_namespace",reference/checks-postgres.md#pg-vac-006,https://www.postgresql.org/docs/current/routine-vacuuming.html,active,0.1.0,,
PG-WAL-001,postgresql,WAL,50,Checkpoints mostly requested (max_wal_size too small),cluster,0,fast,sql,,,primary,,,,S,low,At least 20 checkpoints since the statistics reset and requested / (requested + timed) >= 0.5. Every requested checkpoint restarts full-page writes; the default max_wal_size of 1 GB is small for any real write load.,min_checkpoints=20;requested_ratio=0.5,pg_stat_bgwriter (<=16) / pg_stat_checkpointer (17+),reference/checks-postgres.md#pg-wal-001,https://www.postgresql.org/docs/current/wal-configuration.html,active,0.1.0,,
PG-WAL-006,postgresql,WAL,50,pg_wal directory unusually large,cluster,1,fast,sql,10,,any,pg_monitor,,,M,low,"Sum of pg_ls_waldir() sizes >= max(3 x max_wal_size, 50 GB). This is the symptom; the cause is BAK-002/003, REPL-002/003, or a large wal_keep_size.",waldir_multiple=3;waldir_floor_bytes=53687091200,"pg_ls_waldir(), pg_settings",reference/checks-postgres.md#pg-wal-006,https://www.postgresql.org/docs/current/wal-configuration.html,active,0.1.0,,
PG-WRAP-003,postgresql,WRAP,50,Anti-wraparound vacuum overdue,database,0,fast,sql,,,any,,,,M,low,"age(datfrozenxid) > 1.5 x autovacuum_freeze_max_age (or mxid_age > 1.5 x autovacuum_multixact_freeze_max_age) and < 1,000,000,000. The forced vacuum should have run at 1.0x, so something is blocking freezing.",freeze_multiple=1.5;xid_age_ceiling=1000000000,"pg_database, pg_settings",reference/checks-postgres.md#pg-wrap-003,https://www.postgresql.org/docs/current/routine-vacuuming.html#VACUUM-FOR-WRAPAROUND,active,0.1.0,,
PG-WRAP-004,postgresql,WRAP,50,Tables driving transaction ID age,relation,1,fast,sql,9.6,,any,,,,M,low,"Emitted for the current database when WRAP-001/002/003 fired: the top 10 relations by greatest(age(relfrozenxid), mxid_age(relminmxid)), with size and whether a vacuum is currently processing them.",top_n=10;min_age=200000000,"pg_class, pg_namespace, pg_stat_progress_vacuum",reference/checks-postgres.md#pg-wrap-004,https://www.postgresql.org/docs/current/routine-vacuuming.html#VACUUM-FOR-WRAPAROUND,active,0.1.0,,
PG-BAK-010,postgresql,BAK,100,Managed-platform backups not verifiable from SQL,cluster,0,fast,derived,,,any,,,,S,low,A managed platform was fingerprinted. Confirm in the provider console that automated backup retention is greater than 0 and PITR is enabled: on RDS a retention period of 0 disables backups entirely.,,platform fingerprint,reference/checks-postgres.md#pg-bak-010,https://www.postgresql.org/docs/current/backup.html,active,0.1.0,,
PG-BAK-011,postgresql,BAK,100,Base backup running for more than 2 hours,cluster,0,fast,sql,13,,primary,pg_monitor,,,S,low,"A pg_stat_progress_basebackup row whose elapsed time exceeds 2 hours, or whose phase has not advanced. Informational context for the operator: it explains load and WAL retention.",duration_seconds=7200,pg_stat_progress_basebackup,reference/checks-postgres.md#pg-bak-011,https://www.postgresql.org/docs/current/progress-reporting.html,active,0.1.0,,
PG-CAP-008,postgresql,CAP,100,Temp-file volume high,database,0,fast,sql,,,any,,,,M,med,"pg_stat_database.temp_bytes divided by the statistics window is 50 GB/day or more. Pairs with MEM-004 and QRY-009, and is a disk-space risk while MEM-009 holds.",temp_bytes_per_day=53687091200,pg_stat_database,reference/checks-postgres.md#pg-cap-008,https://www.postgresql.org/docs/current/monitoring-stats.html#MONITORING-PG-STAT-DATABASE-VIEW,active,0.1.0,,
PG-CONN-004,postgresql,CONN,100,Most connections idle,cluster,0,fast,sql,10,,any,pg_monitor,,,M,low,At least 100 client connections and 80% or more in state = 'idle'. Application-side pools sized for peak; a transaction-mode pooler reclaims the memory.,min_connections=100;idle_fraction=0.80,pg_stat_activity,reference/checks-postgres.md#pg-conn-004,https://www.postgresql.org/docs/current/monitoring-stats.html#MONITORING-PG-STAT-ACTIVITY-VIEW,active,0.1.0,,
PG-CONN-005,postgresql,CONN,100,High connection churn,cluster,0,fast,sql,14,,any,,,,M,low,"pg_stat_database.sessions divided by the statistics window is 10 sessions/second or more cluster-wide. PostgreSQL forks a process per connection, so churn burns CPU and adds latency.",sessions_per_second=10,pg_stat_database,reference/checks-postgres.md#pg-conn-005,https://www.postgresql.org/docs/current/monitoring-stats.html#MONITORING-PG-STAT-DATABASE-VIEW,active,0.1.0,,
PG-CONN-006,postgresql,CONN,100,Sessions ending abnormally,database,0,fast,sql,14,,any,,,,M,low,"(sessions_fatal + sessions_killed + sessions_abandoned) / sessions >= 1% with at least 10,000 sessions. Clients are being rejected or are dropping connections.",abnormal_fraction=0.01;min_sessions=10000,pg_stat_database,reference/checks-postgres.md#pg-conn-006,https://www.postgresql.org/docs/current/monitoring-stats.html#MONITORING-PG-STAT-DATABASE-VIEW,active,0.1.0,,
PG-CORR-007,postgresql,CORR,100,No integrity-verification tooling installed (amcheck),database,0,fast,sql,10,,any,,,,S,low,amcheck is listed in pg_available_extensions but not installed in this database. This is the PostgreSQL analogue of never running a consistency check.,,"pg_available_extensions, pg_extension",reference/checks-postgres.md#pg-corr-007,https://www.postgresql.org/docs/current/amcheck.html,active,0.1.0,,
PG-DUR-004,postgresql,DUR,100,synchronous_commit weaker than the synchronous-standby expectation,setting,0,fast,sql,9.6,,primary,pg_monitor,,,S,med,A standby has sync_state = 'sync' while synchronous_commit is 'local' or 'remote_write'. The standby may lose the last transactions on a crash even though the topology says it will not.,,"pg_settings, pg_stat_replication",reference/checks-postgres.md#pg-dur-004,https://www.postgresql.org/docs/current/warm-standby.html#SYNCHRONOUS-REPLICATION,active,0.1.0,,
PG-DUR-005,postgresql,DUR,100,Unlogged tables present,relation,1,fast,sql,,,any,,,,M,med,Any relation with relpersistence = 'u'. Contents are truncated on crash recovery and are never replicated to a standby.,,pg_class,reference/checks-postgres.md#pg-dur-005,https://www.postgresql.org/docs/current/sql-createtable.html,active,0.1.0,,
PG-IDX-005,postgresql,IDX,100,Overlapping indexes (leading-column prefix),index,1,fast,sql,,,any,,,,M,med,"Index A's key columns, opclasses and options are a strict prefix of index B's, with the same predicate, A not unique and neither an expression index. A is usually redundant, but prefixes are sometimes deliberate (INCLUDE columns, sort order), so this is P100 not P50.",,"pg_index, pg_class",reference/checks-postgres.md#pg-idx-005,https://www.postgresql.org/docs/current/indexes.html,active,0.1.0,,
PG-IDX-012,postgresql,IDX,100,Write-heavy table with many indexes,relation,1,fast,sql,,,any,,,,M,med,"At least 10 indexes on a table with 1,000,000 or more writes since the statistics reset. Every insert and every non-HOT update touches every index.",min_indexes=10;min_writes=1000000,"pg_index, pg_stat_user_tables",reference/checks-postgres.md#pg-idx-012,https://www.postgresql.org/docs/current/indexes.html,active,0.1.0,,
PG-IDX-018,postgresql,IDX,100,Unindexed foreign key on a write-active parent,relation,1,fast,sql,,,any,,,,S,low,"As PG-IDX-008 but the child is smaller than 100 MB: the referenced table takes 10,000 or more updates plus deletes a day averaged over the statistics window, and the child holds 100,000 or more rows. That is on the order of 100 seconds a day of constraint-check sequential scanning plus a KEY SHARE lock on the child for each parent write. A rate, not a lifetime counter: 1,000 writes since a reset four months ago is eight a day and means nothing. A child that has never been analyzed has no row estimate and is not evaluated here - PG-VAC-004 is the check for that.",max_bytes=104857600;parent_writes_per_day=10000;min_child_rows=100000;top_n=20,"pg_constraint, pg_index, pg_class, pg_stat_user_tables, pg_stat_database",reference/checks-postgres.md#pg-idx-018,https://www.postgresql.org/docs/current/ddl-constraints.html#DDL-CONSTRAINTS-FK,active,0.2.0,,
PG-LOCK-007,postgresql,LOCK,100,idle_in_transaction_session_timeout disabled,setting,0,fast,sql,9.6,,any,,,,S,med,idle_in_transaction_session_timeout = 0 at server level with no role override. 5-15 minutes is a reasonable value for application roles.,,"pg_settings, pg_db_role_setting",reference/checks-postgres.md#pg-lock-007,https://www.postgresql.org/docs/current/runtime-config-client.html,active,0.1.0,,
PG-LOCK-010,postgresql,LOCK,100,Active query running more than 10 minutes,session,0,fast,sql,10,,any,pg_monitor,,,M,low,"A client backend in state 'active' whose query_start is 10 minutes or older, with the same maintenance exclusions as LOCK-005. It may be legitimate analytics; it is listed so the reader can decide.",query_seconds=600,pg_stat_activity,reference/checks-postgres.md#pg-lock-010,https://www.postgresql.org/docs/current/monitoring-stats.html#MONITORING-PG-STAT-ACTIVITY-VIEW,active,0.1.0,,
PG-MEM-002,postgresql,MEM,100,shared_buffers above 40 percent of RAM,setting,0,fast,sql,,,any,os,,,M,med,"shared_buffers > 40% of RAM. Double-buffering with the operating-system cache, and heavier checkpoints. Skipped when RAM is unknown.",ram_fraction=0.40;ram_bytes=0,"pg_settings, baseline.ram_gb",reference/checks-postgres.md#pg-mem-002,https://www.postgresql.org/docs/current/runtime-config-resource.html,active,0.1.0,,
PG-MEM-004,postgresql,MEM,100,work_mem at the default with heavy temp-file spill,setting,0,fast,sql,,,any,,,,S,med,"work_mem <= 4 MB and either temp_bytes >= 10 GB/day or temp_files >= 1,000/day across the scanned databases. Raise it per role rather than globally, because of MEM-003.",work_mem_bytes=4194304;temp_bytes_per_day=10737418240;temp_files_per_day=1000,"pg_settings, pg_stat_database",reference/checks-postgres.md#pg-mem-004,https://www.postgresql.org/docs/current/runtime-config-resource.html,active,0.1.0,,
PG-MEM-005,postgresql,MEM,100,maintenance_work_mem at the default on a large database,setting,0,fast,sql,,,any,,,,S,low,"maintenance_work_mem <= 64 MB while the scanned databases total 100 GB or more. Index builds and, before 17, vacuum dead-tuple storage are throttled by it.",maintenance_work_mem_bytes=67108864;total_bytes=107374182400,"pg_settings, pg_database_size()",reference/checks-postgres.md#pg-mem-005,https://www.postgresql.org/docs/current/runtime-config-resource.html,active,0.1.0,,
PG-MEM-006,postgresql,MEM,100,effective_cache_size at the default,setting,0,fast,sql,,,any,,,,S,low,"effective_cache_size is 4 GB with source = 'default'. The planner under-values index scans, because it believes only 4 GB is cached anywhere.",,pg_settings,reference/checks-postgres.md#pg-mem-006,https://www.postgresql.org/docs/current/runtime-config-query.html,active,0.1.0,,
PG-MEM-008,postgresql,MEM,100,Huge pages not in effect with a large buffer cache,setting,0,fast,sql,,,any,,,,M,med,shared_buffers >= 8 GB and either huge_pages_status = 'off' (17+) or huge_pages = off. Page-table overhead and TLB misses scale with the buffer cache.,shared_buffers_bytes=8589934592,pg_settings,reference/checks-postgres.md#pg-mem-008,https://www.postgresql.org/docs/current/kernel-resources.html#LINUX-HUGE-PAGES,active,0.1.0,,
PG-MEM-009,postgresql,MEM,100,temp_file_limit unlimited,setting,0,fast,sql,,,any,,,,S,low,temp_file_limit = -1. One runaway sort or hash join can fill the data volume.,,pg_settings,reference/checks-postgres.md#pg-mem-009,https://www.postgresql.org/docs/current/runtime-config-resource.html,active,0.1.0,,
PG-QRY-001,postgresql,QRY,100,pg_stat_statements not available,database,0,fast,sql,,,any,,,,M,low,"pg_stat_statements is not in shared_preload_libraries, or is preloaded but not created in this database. Without it there is no per-query workload view and every other QRY check is skipped. Enabling the preload needs a restart.",,"pg_settings, pg_extension, pg_available_extensions",reference/checks-postgres.md#pg-qry-001,https://www.postgresql.org/docs/current/pgstatstatements.html,active,0.1.0,,
PG-QRY-008,postgresql,QRY,100,One statement dominates execution time,query,1,fast,sql,,,any,pg_monitor,,,M,low,"A single queryid accounts for 25% or more of the sum of total execution time, with at least 1,000 calls. Tune this one before anything else.",dominance=0.25;min_calls=1000,pg_stat_statements,reference/checks-postgres.md#pg-qry-008,https://www.postgresql.org/docs/current/pgstatstatements.html,active,0.1.0,,
PG-QRY-009,postgresql,QRY,100,Statements spilling to temp files,query,1,fast,sql,,,any,pg_monitor,,,M,med,"A statement with 1 GB or more of temp_blks_written since the statistics reset; top 5. Pairs with MEM-004: raise work_mem for the role that runs these, not globally.",temp_bytes=1073741824;top_n=5,pg_stat_statements,reference/checks-postgres.md#pg-qry-009,https://www.postgresql.org/docs/current/pgstatstatements.html,active,0.1.0,,
PG-QRY-011,postgresql,QRY,100,High transaction rollback ratio,database,0,fast,sql,,,any,,,,M,low,"xact_rollback / (xact_commit + xact_rollback) >= 0.10 with at least 10,000 transactions. Application errors, or an aborted-transaction retry loop.",rollback_ratio=0.10;min_transactions=10000,pg_stat_database,reference/checks-postgres.md#pg-qry-011,https://www.postgresql.org/docs/current/monitoring-stats.html#MONITORING-PG-STAT-DATABASE-VIEW,active,0.1.0,,
PG-QRY-014,postgresql,QRY,100,JIT overhead significant,query,1,fast,sql,15,,any,pg_monitor,,,S,low,Sum of jit_generation_time + jit_inlining_time + jit_optimization_time + jit_emission_time is 5% or more of total execution time. Common on OLTP workloads where jit has been on by default since 12.,jit_fraction=0.05,pg_stat_statements,reference/checks-postgres.md#pg-qry-014,https://www.postgresql.org/docs/current/jit.html,active,0.1.0,,
PG-REL-003,postgresql,REL,100,Major version within 6 months of end of life,cluster,0,fast,derived,,,any,,,,L,med,End-of-life date minus today is 180 days or fewer. Major upgrades take planning; start now.,eol_days=180,"server_version_num, reference/versions.yml",reference/checks-postgres.md#pg-rel-003,https://www.postgresql.org/support/versioning/,active,0.1.0,,
PG-REL-004,postgresql,REL,100,Minor version behind,cluster,0,fast,derived,,,any,,,,M,low,"Two or more minor releases behind the latest for this major, or one behind where the missing release carries a CVE flag in versions.yml. Minor upgrades are a binary swap and a restart.",minors_behind=2,"server_version_num, reference/versions.yml",reference/checks-postgres.md#pg-rel-004,https://www.postgresql.org/support/versioning/,active,0.1.0,,
PG-REL-006,postgresql,REL,100,Slow-query logging disabled,setting,0,fast,sql,,,any,,,,S,low,log_min_duration_statement = -1 and auto_explain is not loaded. 250-1000 ms plus log_min_duration_sample (13+) on busy systems is a workable starting point.,,pg_settings,reference/checks-postgres.md#pg-rel-006,https://www.postgresql.org/docs/current/runtime-config-logging.html,active,0.1.0,,
PG-REL-009,postgresql,REL,100,No evidence of a monitoring agent,cluster,0,fast,sql,10,,any,,,,M,low,"No role or application_name matching a known agent (datadog, newrelic, pgwatch, postgres_exporter, prometheus, pganalyze, zabbix, nagios, check_postgres, grafana, percona, pmm, sentry, dynatrace) and no monitoring extension. Confidence low: agents connect intermittently, or via a replica.",,"pg_stat_activity, pg_roles, pg_extension",reference/checks-postgres.md#pg-rel-009,https://www.postgresql.org/docs/current/monitoring-stats.html,active,0.1.0,,
PG-REL-010,postgresql,REL,100,Settings changed but awaiting restart,setting,0,fast,sql,9.5,,any,,,,M,med,pg_settings.pending_restart = true for at least one setting. Someone believes a value is live; it is not.,,pg_settings,reference/checks-postgres.md#pg-rel-010,https://www.postgresql.org/docs/current/config-setting.html,active,0.1.0,,
PG-REL-012,postgresql,REL,100,restart_after_crash disabled,setting,0,fast,sql,,,any,,,,S,low,restart_after_crash = off with no external supervisor recorded in baseline.supervisor. After any backend crash the cluster stays down until a human intervenes.,,pg_settings,reference/checks-postgres.md#pg-rel-012,https://www.postgresql.org/docs/current/runtime-config-resource.html,active,0.1.0,,
PG-REL-014,postgresql,REL,100,Error rate in the server log high,cluster,2,deep,log,10,,any,superuser;os,,,M,low,"100 or more ERROR lines per hour on average over the last 24 hours, or any FATAL that is not connection-authentication noise. Deep pass; reports the top 5 message classes.",errors_per_hour=100;window_hours=24,server log,reference/checks-postgres.md#pg-rel-014,https://www.postgresql.org/docs/current/error-message-reporting.html,active,0.1.0,,
PG-SCHEMA-005,postgresql,SCHEMA,100,Very large table not partitioned,relation,1,fast,sql,10,,any,,,,L,med,"pg_total_relation_size >= 200 GB and the relation is neither partitioned nor a partition. Vacuum, freeze, index builds and REINDEX all scale with the single relation. Advisory only.",min_bytes=214748364800,"pg_class, pg_partitioned_table, pg_inherits",reference/checks-postgres.md#pg-schema-005,https://www.postgresql.org/docs/current/ddl-partitioning.html,active,0.1.0,,
PG-SCHEMA-006,postgresql,SCHEMA,100,Rows accumulating in a DEFAULT partition,relation,1,fast,sql,11,,any,,,,M,med,"A default partition of 1 GB or more, or holding 10% or more of the parent's live tuples. Someone forgot to create the next partition, and every new ATTACH PARTITION must scan the default partition.",min_bytes=1073741824;parent_fraction=0.10,"pg_class, pg_inherits, pg_stat_user_tables",reference/checks-postgres.md#pg-schema-006,https://www.postgresql.org/docs/current/ddl-partitioning.html,active,0.1.0,,
PG-SCHEMA-013,postgresql,SCHEMA,100,Large objects present (vacuumlo candidate),database,1,fast,sql,,,any,,,,M,med,pg_largeobject is 10 GB or larger. Large objects orphaned by a deleted referencing row are never reclaimed without running vacuumlo.,min_bytes=10737418240,"pg_largeobject_metadata, pg_total_relation_size()",reference/checks-postgres.md#pg-schema-013,https://www.postgresql.org/docs/current/vacuumlo.html,active,0.1.0,,
PG-SEC-005,postgresql,SEC,100,Most client connections not using SSL,cluster,0,fast,sql,9.5,,any,pg_monitor,,,M,med,ssl = on and fewer than 50% of non-local client backends have pg_stat_ssl.ssl = true.,ssl_fraction=0.50,"pg_stat_ssl, pg_stat_activity",reference/checks-postgres.md#pg-sec-005,https://www.postgresql.org/docs/current/ssl-tcp.html,active,0.1.0,,
PG-SEC-006,postgresql,SEC,100,Non-SCRAM password authentication in use,cluster,0,fast,sql,10,,any,,,,M,med,"password_encryption = 'md5', or roles whose stored password is md5-format, or pg_hba rules using md5/password/ident. SCRAM-SHA-256 has been available since 10 and md5 is deprecated.",,"pg_settings, pg_authid, pg_hba_file_rules",reference/checks-postgres.md#pg-sec-006,https://www.postgresql.org/docs/current/auth-password.html,active,0.1.0,,
PG-SEC-007,postgresql,SEC,100,trust authentication on the local socket,cluster,0,fast,sql,10,,any,superuser,rds;aurora;cloudsql;azure;supabase;neon;crunchy;timescale;alloydb;heroku,,S,med,"A pg_hba rule with type = 'local' and auth_method = 'trust'. Anyone with a shell on the host is superuser. P100 rather than P1 because it requires host access, which is itself usually controlled.",,pg_hba_file_rules,reference/checks-postgres.md#pg-sec-007,https://www.postgresql.org/docs/current/auth-methods.html,active,0.1.0,,
PG-SEC-011,postgresql,SEC,100,Non-superuser roles with server file access,role,0,fast,sql,11,,any,,,,M,med,"Members of pg_read_server_files, pg_write_server_files or pg_execute_server_program that are not superusers. Each of those is effectively superuser.",,"pg_auth_members, pg_roles",reference/checks-postgres.md#pg-sec-011,https://www.postgresql.org/docs/current/predefined-roles.html,active,0.1.0,,
PG-SEC-013,postgresql,SEC,100,PUBLIC can CREATE in schema public,schema,0,fast,sql,,,any,,,,S,med,PUBLIC holds CREATE on schema public. This is the CVE-2018-1058 trojan-function vector; PostgreSQL 15 removed the default grant.,,pg_namespace.nspacl via aclexplode,reference/checks-postgres.md#pg-sec-013,https://www.postgresql.org/docs/current/ddl-schemas.html#DDL-SCHEMAS-PATTERNS,active,0.1.0,,
PG-SEC-014,postgresql,SEC,100,SECURITY DEFINER functions without a fixed search_path,relation,1,fast,sql,,,any,,,,M,med,"pg_proc.prosecdef is true and proconfig has no search_path entry, excluding pg_catalog and extension-owned functions. Same vulnerability class as SEC-013.",,"pg_proc, pg_depend, pg_namespace",reference/checks-postgres.md#pg-sec-014,https://www.postgresql.org/docs/current/sql-createfunction.html,active,0.1.0,,
PG-VAC-007,postgresql,VAC,100,Estimated table bloat over 30 percent (200 MB or more wasted),relation,1,fast,sql,,,any,,,,M,med,"Estimated bloat >= 30% AND estimated wasted bytes >= 200 MB, excluding relations already reported by VAC-006.",bloat_pct=30;wasted_bytes=209715200;bloat_pct_high=50;wasted_bytes_high=1073741824;top_n=10,"pg_class, pg_attribute, pg_stats, pg_namespace",reference/checks-postgres.md#pg-vac-007,https://www.postgresql.org/docs/current/routine-vacuuming.html,active,0.1.0,,
PG-VAC-008,postgresql,VAC,100,Autovacuum throttled at defaults on a large database,setting,0,fast,sql,,,any,,,,S,low,Total size of the scanned databases >= 500 GB while autovacuum_vacuum_cost_limit is -1 (inheriting vacuum_cost_limit 200) and autovacuum_vacuum_cost_delay >= 2 ms. The resulting dirty-page throughput per worker is computed from vacuum_cost_page_dirty and reported in the finding.,total_bytes=536870912000;cost_delay_ms=2,"pg_settings, pg_database_size()",reference/checks-postgres.md#pg-vac-008,https://www.postgresql.org/docs/current/runtime-config-autovacuum.html,active,0.1.0,,
PG-VAC-009,postgresql,VAC,100,Tables with autovacuum disabled via a storage parameter,relation,1,fast,sql,,,any,,,,S,low,pg_class.reloptions contains autovacuum_enabled=false. Details include n_dead_tup and last_vacuum so you can see whether anything is vacuuming them at all.,,"pg_class, pg_stat_user_tables",reference/checks-postgres.md#pg-vac-009,https://www.postgresql.org/docs/current/sql-createtable.html#SQL-CREATETABLE-STORAGE-PARAMETERS,active,0.1.0,,
PG-VAC-010,postgresql,VAC,100,Very large tables using the default vacuum scale factor,relation,1,fast,sql,,,any,,,,S,low,"reltuples >= 100,000,000 and no per-table autovacuum_vacuum_scale_factor or autovacuum_vacuum_threshold override. 20% of 100 M rows is 20 M dead tuples before the first vacuum.",min_tuples=100000000,pg_class,reference/checks-postgres.md#pg-vac-010,https://www.postgresql.org/docs/current/sql-createtable.html#SQL-CREATETABLE-STORAGE-PARAMETERS,active,0.1.0,,
PG-VAC-011,postgresql,VAC,100,Autovacuum cancelled by lock conflicts (server log),cluster,2,deep,log,10,,any,superuser;os,,,M,low,At least 10 'canceling autovacuum task' messages in the last 24 hours of server log. Deep pass only; requires log access.,cancel_count=10;window_hours=24,server log via pg_current_logfile()/pg_read_file,reference/checks-postgres.md#pg-vac-011,https://www.postgresql.org/docs/current/runtime-config-autovacuum.html,active,0.1.0,,
PG-VAC-013,postgresql,VAC,100,Insert-only tables never vacuumed (PostgreSQL 12 and older),relation,1,fast,sql,,12,any,,,,M,low,"PostgreSQL 12 and older only: n_tup_ins >= 10,000,000, n_tup_upd + n_tup_del = 0, and the table has never been vacuumed. Before 13 autovacuum ignores insert-only tables, so they are frozen only by the anti-wraparound path and never get a visibility map.",min_inserts=10000000,pg_stat_user_tables,reference/checks-postgres.md#pg-vac-013,https://www.postgresql.org/docs/current/runtime-config-autovacuum.html,active,0.1.0,,
PG-WAL-002,postgresql,WAL,100,max_wal_size at the default on a write-active primary,cluster,0,fast,sql,,,primary,,,,S,low,"max_wal_size is 1 GB and WAL generation is 1 GB/hour or more (from pg_stat_wal since reset on 14+, otherwise from the checkpoint rate). Complements WAL-001.",wal_bytes_per_hour=1073741824,"pg_settings, pg_stat_wal",reference/checks-postgres.md#pg-wal-002,https://www.postgresql.org/docs/current/wal-configuration.html,active,0.1.0,,
PG-WAL-004,postgresql,WAL,100,Backends forced to write or fsync their own buffers,cluster,0,fast,sql,,,primary,,,,M,low,pg_stat_bgwriter.buffers_backend_fsync > 0 or backend writes exceed checkpointer plus background-writer writes (<=16); from 16 the same signal is read from pg_stat_io for backend_type 'client backend'. The checkpointer and background writer cannot keep up.,,"pg_stat_bgwriter (<=16), pg_stat_io (16+)",reference/checks-postgres.md#pg-wal-004,https://www.postgresql.org/docs/current/wal-configuration.html,active,0.1.0,,
PG-WAL-007,postgresql,WAL,100,WAL buffers overflowing,cluster,0,fast,sql,14,,primary,,,,M,low,"pg_stat_wal.wal_buffers_full >= 10% of wal_write and >= 100,000 since reset. Raising wal_buffers requires a restart.",full_ratio=0.10;min_full=100000,pg_stat_wal,reference/checks-postgres.md#pg-wal-007,https://www.postgresql.org/docs/current/runtime-config-wal.html,active,0.1.0,,
PG-WAL-009,postgresql,WAL,100,Slow checkpoint sync phase,cluster,0,fast,sql,,,primary,,,,M,low,"Average checkpoint sync_time is 5 seconds or more per checkpoint. Storage fsync latency is high, which shows up as commit latency spikes.",sync_ms=5000;min_checkpoints=20,pg_stat_bgwriter (<=16) / pg_stat_checkpointer (17+),reference/checks-postgres.md#pg-wal-009,https://www.postgresql.org/docs/current/wal-configuration.html,active,0.1.0,,
PG-WRAP-008,postgresql,WRAP,100,vacuum_failsafe_age raised above the default,setting,0,fast,sql,14,,any,,,,S,low,"vacuum_failsafe_age or vacuum_multixact_failsafe_age > 1,600,000,000. The failsafe (which drops cost delays and index cleanup) is the last automatic defence against wraparound.",failsafe_age=1600000000,pg_settings,reference/checks-postgres.md#pg-wrap-008,https://www.postgresql.org/docs/current/runtime-config-autovacuum.html,active,0.1.0,,
PG-CAP-007,postgresql,CAP,150,Log directory large,cluster,1,fast,sql,10,,any,pg_monitor,,,S,low,"Sum of pg_ls_logdir() sizes is 10 GB or more. Check log_rotation_age, log_rotation_size, log_truncate_on_rotation and log_min_duration_statement.",min_bytes=10737418240,pg_ls_logdir(),reference/checks-postgres.md#pg-cap-007,https://www.postgresql.org/docs/current/runtime-config-logging.html,active,0.1.0,,
PG-CONN-007,postgresql,CONN,150,statement_timeout unset globally,setting,0,fast,sql,,,any,,,,S,med,statement_timeout = 0 at server level with no per-role or per-database override in pg_db_role_setting. Set it per application role rather than globally.,,"pg_settings, pg_db_role_setting",reference/checks-postgres.md#pg-conn-007,https://www.postgresql.org/docs/current/runtime-config-client.html,active,0.1.0,,
PG-CORR-008,postgresql,CORR,150,Reserved: invalid indexes are reported by PG-IDX-001,relation,0,fast,derived,,,any,,,,S,low,Never emits. The row exists so the identifier is never reused.,,,reference/checks-postgres.md#pg-corr-008,https://www.postgresql.org/docs/current/sql-createindex.html,retired,0.1.0,PG-IDX-001,
PG-DUR-006,postgresql,DUR,150,wal_sync_method changed from the platform default,setting,0,fast,sql,,,any,,,,S,low,pg_settings.source for wal_sync_method is not 'default'. Almost never the right thing to change; listed for review.,,pg_settings,reference/checks-postgres.md#pg-dur-006,https://www.postgresql.org/docs/current/runtime-config-wal.html,active,0.1.0,,
PG-IDX-003,postgresql,IDX,150,"Unused index (small, or usage statistics too young)",index,1,fast,sql,,,any,,,,S,med,"idx_scan = 0 and size >= 50 MB, not already reported by IDX-002 (smaller than 1 GB or statistics younger than 30 days). Summary form.",min_bytes=52428800;big_bytes=1073741824;stats_age_days=30;top_n=20,"pg_stat_user_indexes, pg_index, pg_class",reference/checks-postgres.md#pg-idx-003,https://www.postgresql.org/docs/current/monitoring-stats.html#MONITORING-PG-STAT-ALL-INDEXES-VIEW,active,0.1.0,,
PG-IDX-007,postgresql,IDX,150,Estimated B-tree bloat over 30 percent (100 MB or more wasted),index,1,fast,sql,,,any,,,,M,med,"Estimated index bloat >= 30% and >= 100 MB wasted, excluding indexes already reported by IDX-006.",bloat_pct=30;wasted_bytes=104857600;bloat_pct_high=50;wasted_bytes_high=524288000;top_n=10,"pg_index, pg_class, pg_attribute, pg_stats",reference/checks-postgres.md#pg-idx-007,https://www.postgresql.org/docs/current/sql-reindex.html,active,0.1.0,,
PG-IDX-009,postgresql,IDX,150,Unindexed foreign key (small table),relation,1,fast,sql,,,any,,,,S,low,"As PG-IDX-008 but the child is smaller than 100 MB and it does not reach PG-IDX-018 either - the parent is below 10,000 updates plus deletes a day, or the child holds fewer than 100,000 rows. Capped at the 20 largest, with the full count of unindexed foreign keys in details and evidence so the cap never hides the size of the backlog.",min_bytes=104857600;parent_writes_per_day=10000;min_child_rows=100000;top_n=20,"pg_constraint, pg_index, pg_class, pg_stat_user_tables, pg_stat_database",reference/checks-postgres.md#pg-idx-009,https://www.postgresql.org/docs/current/ddl-constraints.html#DDL-CONSTRAINTS-FK,active,0.1.0,,0.2.0
PG-IDX-011,postgresql,IDX,150,Sequential scans on mid-size tables,relation,1,fast,sql,,,any,,,,M,low,As IDX-010 for tables between 100 MB and 1 GB. Summary form.,min_bytes=104857600;max_bytes=1073741824;min_seq_scans=100;rows_per_scan=100000;seq_fraction=0.05;top_n=20,"pg_stat_user_tables, pg_class",reference/checks-postgres.md#pg-idx-011,https://www.postgresql.org/docs/current/monitoring-stats.html#MONITORING-PG-STAT-ALL-TABLES-VIEW,active,0.1.0,,
PG-IDX-013,postgresql,IDX,150,Index footprint more than twice the heap on a large table,relation,1,fast,sql,,,any,,,,M,med,"Table 1 GB or larger with pg_indexes_size >= 2 x pg_table_size. An informational pointer to IDX-002, 004, 005 and 012.",min_bytes=1073741824;index_multiple=2,"pg_class, pg_indexes_size(), pg_table_size()",reference/checks-postgres.md#pg-idx-013,https://www.postgresql.org/docs/current/indexes.html,active,0.1.0,,
PG-IDX-014,postgresql,IDX,150,Wide B-tree indexes,index,1,fast,sql,11,,any,,,,M,med,A B-tree index with 6 or more key columns and a size of 100 MB or more. Each entry carries every key column in every leaf and internal page.,min_key_columns=6;min_bytes=104857600,"pg_index, pg_class",reference/checks-postgres.md#pg-idx-014,https://www.postgresql.org/docs/current/indexes.html,active,0.1.0,,
PG-IDX-015,postgresql,IDX,150,Single-column index on a very low-cardinality column,index,1,fast,sql,,,any,,,,M,med,"A single-column, non-partial B-tree index whose column has pg_stats.n_distinct between 1 and 3 (booleans, status flags) on a table 100 MB or larger. A partial index is usually the better shape.",max_distinct=3;min_bytes=104857600,"pg_index, pg_stats, pg_class",reference/checks-postgres.md#pg-idx-015,https://www.postgresql.org/docs/current/indexes.html,active,0.1.0,,
PG-IDX-016,postgresql,IDX,150,GIN index with a large pending list,index,2,deep,sql,,,any,ext:pgstattuple,,,S,low,pgstatginindex().pending_pages x 8 kB >= 64 MB on GIN indexes of 100 MB or more. Deep pass; requires the pgstattuple extension.,pending_bytes=67108864;min_bytes=104857600,"pgstatginindex(), pg_index, pg_class",reference/checks-postgres.md#pg-idx-016,https://www.postgresql.org/docs/current/gin-implementation.html,planned,0.1.0,,
PG-LOCK-008,postgresql,LOCK,150,Deadlocks occurring regularly,database,0,fast,sql,,,any,,,,L,low,"pg_stat_database.deadlocks divided by days since stats reset is 1 per day or more, with at least 7 deadlocks total. Usually an application lock-ordering bug; log_lock_waits and deadlock_timeout help diagnose it.",deadlocks_per_day=1;min_deadlocks=7,pg_stat_database,reference/checks-postgres.md#pg-lock-008,https://www.postgresql.org/docs/current/explicit-locking.html,active,0.1.0,,
PG-LOCK-009,postgresql,LOCK,150,lock_timeout unset,setting,0,fast,sql,,,any,,,,S,low,lock_timeout = 0 at server level. A migration's ALTER TABLE queued behind a long transaction blocks every statement that arrives behind it.,,pg_settings,reference/checks-postgres.md#pg-lock-009,https://www.postgresql.org/docs/current/runtime-config-client.html,active,0.1.0,,
PG-MEM-007,postgresql,MEM,150,random_page_cost at the spinning-disk default,setting,0,fast,sql,,,any,interview,,,S,med,"random_page_cost = 4 while baseline.storage is ssd, nvme, cloud or unknown. On SSD and cloud storage 1.1-1.5 is typical. Confidence low when storage is unknown.",storage_class=unknown,"pg_settings, baseline.storage",reference/checks-postgres.md#pg-mem-007,https://www.postgresql.org/docs/current/runtime-config-query.html,active,0.1.0,,
PG-MEM-010,postgresql,MEM,150,Buffer cache hit ratio below 90 percent,database,0,fast,sql,,,any,,,,M,low,"blks_hit / (blks_hit + blks_read) < 0.90 for databases with at least 1,000,000 block reads. Confidence low: the operating-system cache masks this and analytic workloads legitimately read from disk. Reported for correlation with MEM-001/002, not as a target.",hit_ratio=0.90;min_reads=1000000,pg_stat_database,reference/checks-postgres.md#pg-mem-010,https://www.postgresql.org/docs/current/monitoring-stats.html#MONITORING-PG-STAT-DATABASE-VIEW,active,0.1.0,,
PG-QRY-002,postgresql,QRY,150,pg_stat_statements evicting entries,database,0,fast,sql,14,,any,,,,M,low,"pg_stat_statements_info.dealloc >= 1,000 since reset, or 100 or more per day. The top-N lists are unreliable while entries are being evicted; raise pg_stat_statements.max (needs a restart).",min_dealloc=1000;dealloc_per_day=100,pg_stat_statements_info,reference/checks-postgres.md#pg-qry-002,https://www.postgresql.org/docs/current/pgstatstatements.html,active,0.1.0,,
PG-QRY-010,postgresql,QRY,150,Plan-hostile patterns in top statements,query,1,fast,sql,,,any,pg_monitor,,,L,low,"Regular-expression scan of the top 50 statements by total time for: leading-wildcard LIKE, lower()/upper() equality without a matching expression index, NOT IN (SELECT, ORDER BY random(), OFFSET of five digits or more, SELECT * on large tables, and unfiltered count(*). Confidence low: these are regexes over normalised text.",top_n=50,pg_stat_statements,reference/checks-postgres.md#pg-qry-010,https://www.postgresql.org/docs/current/using-explain.html,active,0.1.0,,
PG-QRY-012,postgresql,QRY,150,track_io_timing disabled,setting,0,fast,sql,,,any,,,,S,low,"track_io_timing = off. The I/O-time columns of pg_stat_statements are zero and EXPLAIN (ANALYZE, BUFFERS) has no timing. The cost of enabling it is small on modern clocks; measure with pg_test_timing first.",,pg_settings,reference/checks-postgres.md#pg-qry-012,https://www.postgresql.org/docs/current/monitoring-stats.html,active,0.1.0,,
PG-QRY-013,postgresql,QRY,150,Plan-instability candidates (high standard deviation),query,1,fast,sql,,,any,pg_monitor,,,L,low,"Statements with at least 1,000 calls where stddev_exec_time >= 3 x mean_exec_time and mean >= 10 ms. Parameter-sensitive plans, cache effects, or wildly varying result sizes.",stddev_multiple=3;min_calls=1000;min_mean_ms=10;top_n=10,pg_stat_statements,reference/checks-postgres.md#pg-qry-013,https://www.postgresql.org/docs/current/pgstatstatements.html,active,0.1.0,,
PG-QRY-015,postgresql,QRY,150,compute_query_id off,setting,0,fast,sql,14,,any,,,,S,low,"compute_query_id is 'off', or 'auto' with no query-id provider loaded. pg_stat_activity.query_id is then null and log correlation to pg_stat_statements is impossible.",,pg_settings,reference/checks-postgres.md#pg-qry-015,https://www.postgresql.org/docs/current/pgstatstatements.html,active,0.1.0,,
PG-QRY-016,postgresql,QRY,150,High-frequency statements returning almost no rows,query,1,fast,sql,,,any,pg_monitor,,,M,low,"At least 1,000,000 calls with fewer than 0.01 rows returned per call. Polling loops and existence checks that should be cached or event-driven.",min_calls=1000000;rows_per_call=0.01;top_n=10,pg_stat_statements,reference/checks-postgres.md#pg-qry-016,https://www.postgresql.org/docs/current/pgstatstatements.html,active,0.1.0,,
PG-REL-007,postgresql,REL,150,Diagnostic logging off,setting,0,fast,sql,,,any,,,,S,low,"Any of log_checkpoints = off (the pre-15 default), log_lock_waits = off, log_autovacuum_min_duration = -1, log_temp_files = -1, or a log_line_prefix lacking %m or %p. One finding listing which.",,pg_settings,reference/checks-postgres.md#pg-rel-007,https://www.postgresql.org/docs/current/runtime-config-logging.html,active,0.1.0,,
PG-REL-008,postgresql,REL,150,Extension updates available,database,0,fast,sql,,,any,,,,S,low,pg_available_extensions.default_version differs from installed_version for an installed extension. ALTER EXTENSION ... UPDATE applies it.,,"pg_available_extensions, pg_extension",reference/checks-postgres.md#pg-rel-008,https://www.postgresql.org/docs/current/sql-createextension.html,active,0.1.0,,
PG-REL-013,postgresql,REL,150,Logging collector off with a stderr-only destination,setting,0,fast,sql,,,any,,rds;aurora;cloudsql;azure;supabase;neon;crunchy;timescale;alloydb;heroku,,S,low,logging_collector = off and log_destination is stderr only. On a self-managed host outside a container this usually means the log is going nowhere useful. Confidence low.,,pg_settings,reference/checks-postgres.md#pg-rel-013,https://www.postgresql.org/docs/current/runtime-config-logging.html,active,0.1.0,,
PG-REPL-016,postgresql,REPL,150,hot_standby_feedback on with long-running standby queries,cluster,0,fast,sql,,,standby,pg_monitor,,,M,med,"On a standby with hot_standby_feedback = on, the longest active query is 30 minutes or older. That query is pinning the primary's xmin horizon (see PG-VAC-005 on the primary).",query_seconds=1800,"pg_settings, pg_stat_activity",reference/checks-postgres.md#pg-repl-016,https://www.postgresql.org/docs/current/hot-standby.html#HOT-STANDBY-CONFLICT,active,0.1.0,,
PG-SCHEMA-003,postgresql,SCHEMA,150,Tables without a primary key or unique index,relation,1,fast,sql,,,any,,,,L,med,"An ordinary table with no valid indisprimary or indisunique index. Logical replication cannot replicate UPDATE or DELETE, de-duplication is manual, and many ORMs and CDC tools misbehave. Summary form listing the 10 largest.",top_n=10,"pg_class, pg_index",reference/checks-postgres.md#pg-schema-003,https://www.postgresql.org/docs/current/sql-altertable.html,active,0.1.0,,
PG-SCHEMA-004,postgresql,SCHEMA,150,REPLICA IDENTITY FULL on published tables,relation,1,fast,sql,10,,primary,,,,M,med,A published table with relreplident = 'f'. Every UPDATE and DELETE ships the whole old row and the subscriber does a full-table lookup unless it has a matching index.,,"pg_class, pg_publication_tables",reference/checks-postgres.md#pg-schema-004,https://www.postgresql.org/docs/current/logical-replication-publication.html,active,0.1.0,,
PG-SCHEMA-007,postgresql,SCHEMA,150,"Partitioned table with more than 1,000 partitions",relation,1,fast,sql,10,,any,,,,L,med,"A partitioned table with 1,000 or more direct children. Planning time and lock acquisition scale with the partition count on queries that cannot be pruned.",max_partitions=1000,"pg_inherits, pg_class",reference/checks-postgres.md#pg-schema-007,https://www.postgresql.org/docs/current/ddl-partitioning.html,active,0.1.0,,
PG-SCHEMA-009,postgresql,SCHEMA,150,Triggers on high-write tables,relation,1,fast,sql,,,any,,,,M,low,"A table with 1,000,000 or more writes since the statistics reset carrying at least one non-internal trigger. Informational: triggers are where surprising write latency hides.",min_writes=1000000,"pg_trigger, pg_stat_user_tables",reference/checks-postgres.md#pg-schema-009,https://www.postgresql.org/docs/current/trigger-definition.html,active,0.1.0,,
PG-SCHEMA-010,postgresql,SCHEMA,150,"Database with more than 10,000 relations",database,1,fast,sql,,,any,,,,L,med,"10,000 or more entries in pg_class for tables, indexes, toast tables and partitions in one database. Catalog bloat, autovacuum scheduling latency and slow information_schema queries follow.",max_relations=10000,pg_class,reference/checks-postgres.md#pg-schema-010,https://www.postgresql.org/docs/current/diskusage.html,active,0.1.0,,
PG-SCHEMA-011,postgresql,SCHEMA,150,Unpopulated materialized view,relation,1,fast,sql,,,any,,,,S,low,pg_class with relkind = 'm' and relispopulated = false. Any query against it raises an error.,,pg_class,reference/checks-postgres.md#pg-schema-011,https://www.postgresql.org/docs/current/sql-creatematerializedview.html,active,0.1.0,,
PG-SEC-016,postgresql,SEC,150,User tables readable by PUBLIC,relation,1,fast,sql,,,any,,,,M,low,A relation in a user schema with SELECT granted to PUBLIC. Sometimes deliberate; listed for review.,,pg_class.relacl via aclexplode,reference/checks-postgres.md#pg-sec-016,https://www.postgresql.org/docs/current/ddl-priv.html,active,0.1.0,,
PG-SEC-017,postgresql,SEC,150,Untrusted procedural languages or risky extensions installed,database,0,fast,sql,,,any,,,,L,med,"An untrusted language (plpython3u, plperlu, pltclu) or a high-risk extension (adminpack, file_fdw, dblink) is installed. Function authors in those languages can run arbitrary code as the server account.",,"pg_language, pg_extension",reference/checks-postgres.md#pg-sec-017,https://www.postgresql.org/docs/current/xplang.html,active,0.1.0,,
PG-VAC-012,postgresql,VAC,150,Low HOT-update ratio on update-heavy tables,relation,1,fast,sql,,,any,,,,M,med,"n_tup_upd >= 1,000,000 and n_tup_hot_upd / n_tup_upd < 0.10 and fillfactor is unset. A lower fillfactor helps only when the updated columns are not indexed, which cannot be verified from the catalog, so confidence is low.",min_updates=1000000;hot_ratio=0.10,"pg_stat_user_tables, pg_class",reference/checks-postgres.md#pg-vac-012,https://www.postgresql.org/docs/current/storage-hot.html,active,0.1.0,,
PG-WAL-003,postgresql,WAL,150,checkpoint_completion_target below 0.9,setting,0,fast,sql,,,any,,,,S,low,checkpoint_completion_target < 0.9. The pre-14 default of 0.5 concentrates checkpoint writes into the first half of the interval.,target=0.9,pg_settings,reference/checks-postgres.md#pg-wal-003,https://www.postgresql.org/docs/current/wal-configuration.html,active,0.1.0,,
PG-WAL-005,postgresql,WAL,150,Background writer hitting its per-round limit,cluster,0,fast,sql,,,primary,,,,S,low,"pg_stat_bgwriter.maxwritten_clean >= 1,000 per day since the statistics reset. bgwriter_lru_maxpages is stopping the cleaning scan early.",maxwritten_per_day=1000,pg_stat_bgwriter,reference/checks-postgres.md#pg-wal-005,https://www.postgresql.org/docs/current/runtime-config-resource.html,active,0.1.0,,
PG-WAL-008,postgresql,WAL,150,WAL compression off with a high full-page-image ratio,cluster,0,fast,sql,14,,primary,,,,S,low,pg_stat_wal.wal_fpi / wal_records >= 0.3 while wal_compression is off. From 15 lz4 and zstd are available and cheap.,fpi_ratio=0.3,"pg_stat_wal, pg_settings",reference/checks-postgres.md#pg-wal-008,https://www.postgresql.org/docs/current/runtime-config-wal.html,active,0.1.0,,
PG-CFG-001,postgresql,CFG,200,Non-default server settings,setting,0,inventory,sql,,,any,,,,S,low,"pg_settings where source is not 'default' or 'override' and the current value differs from boot_val, excluding an identity and locale noise list. One finding per setting; the renderer collapses these into a summary when there are more than 60.",,pg_settings,reference/checks-postgres.md#pg-cfg-001,https://www.postgresql.org/docs/current/config-setting.html,active,0.1.0,,
PG-CFG-002,postgresql,CFG,200,Per-database and per-role setting overrides,setting,0,inventory,sql,,,any,,,,S,low,"Any row in pg_db_role_setting. Overrides of synchronous_commit, work_mem and statement_timeout especially change how the server behaves for one application without appearing in postgresql.conf.",,"pg_db_role_setting, pg_database, pg_roles",reference/checks-postgres.md#pg-cfg-002,https://www.postgresql.org/docs/current/config-setting.html,active,0.1.0,,
PG-CFG-003,postgresql,CFG,200,Per-relation storage parameters,relation,1,inventory,sql,,,any,,,,S,low,"Any non-toast relation with a non-null reloptions: fillfactor, autovacuum_*, parallel_workers, toast_tuple_target.",,pg_class,reference/checks-postgres.md#pg-cfg-003,https://www.postgresql.org/docs/current/sql-createtable.html#SQL-CREATETABLE-STORAGE-PARAMETERS,active,0.1.0,,
PG-CFG-004,postgresql,CFG,200,Settings applied via ALTER SYSTEM,setting,0,inventory,sql,9.4,,any,,,,S,low,pg_settings.sourcefile ends in postgresql.auto.conf. Distinguishes configuration-management-owned settings from ad-hoc ones applied at a psql prompt.,,pg_settings,reference/checks-postgres.md#pg-cfg-004,https://www.postgresql.org/docs/current/config-setting.html,active,0.1.0,,
PG-CFG-005,postgresql,CFG,200,Settings differing from the supplied baseline,setting,0,inventory,derived,,,any,,,,S,low,"Any difference from baseline.settings in .db-triage.yml, or from a --baseline JSONL run. A fleet-consistency tool: it answers 'why is this node different'.",,.db-triage.yml baseline.settings,reference/checks-postgres.md#pg-cfg-005,https://www.postgresql.org/docs/current/config-setting.html,active,0.1.0,,
PG-IDX-017,postgresql,IDX,200,Index build in progress,index,0,inventory,sql,12,,any,pg_monitor,,,S,low,"Any row in pg_stat_progress_create_index. Context for the operator: it explains locks, load and WAL volume during the run.",,pg_stat_progress_create_index,reference/checks-postgres.md#pg-idx-017,https://www.postgresql.org/docs/current/progress-reporting.html,active,0.1.0,,
PG-SCHEMA-008,postgresql,SCHEMA,200,Foreign keys or check constraints NOT VALID,relation,1,inventory,sql,,,any,,,,M,med,pg_constraint.convalidated = false. Integrity is enforced for new rows only; existing rows were never checked.,,pg_constraint,reference/checks-postgres.md#pg-schema-008,https://www.postgresql.org/docs/current/sql-altertable.html,active,0.1.0,,
PG-SCHEMA-012,postgresql,SCHEMA,200,Legacy inheritance-based partitioning,relation,1,inventory,sql,10,,any,,,,L,med,"A pg_inherits parent that is not in pg_partitioned_table. Inventory: constraint exclusion rather than partition pruning, and no declarative partition maintenance.",,"pg_inherits, pg_partitioned_table, pg_class",reference/checks-postgres.md#pg-schema-012,https://www.postgresql.org/docs/current/ddl-partitioning.html,active,0.1.0,,
PG-SEC-019,postgresql,SEC,200,Login roles with expired passwords,role,0,inventory,sql,,,any,,,,S,low,Login roles with rolvaliduntil in the past. Cleanup candidates: the role still exists and still holds its grants.,,pg_roles,reference/checks-postgres.md#pg-sec-019,https://www.postgresql.org/docs/current/role-attributes.html,active,0.1.0,,
PG-SEC-020,postgresql,SEC,200,Login roles with no password expiry,role,0,inventory,sql,,,any,,,,S,low,"Count of login roles with rolvaliduntil null. Expiry is uncommon in PostgreSQL because secret managers rotate instead, so this is a review row and not a problem.",,pg_roles,reference/checks-postgres.md#pg-sec-020,https://www.postgresql.org/docs/current/role-attributes.html,active,0.1.0,,
PG-SEC-021,postgresql,SEC,200,Connection logging disabled,setting,0,inventory,sql,,,any,,,,S,low,log_connections and log_disconnections are both off. Post-incident forensics on who connected from where is impossible.,,pg_settings,reference/checks-postgres.md#pg-sec-021,https://www.postgresql.org/docs/current/runtime-config-logging.html,active,0.1.0,,
PG-SEC-009,postgresql,SEC,230,Superuser roles,role,0,inventory,sql,,,any,,,,M,med,"Inventory of roles with rolsuper and rolcanlogin, excluding platform-owned roles and baseline.expected_superusers.",,pg_roles,reference/checks-postgres.md#pg-sec-009,https://www.postgresql.org/docs/current/role-attributes.html,active,0.1.0,,
PG-SEC-010,postgresql,SEC,230,Roles with elevated attributes,role,0,inventory,sql,,,any,,,,M,med,"Login roles with rolcreaterole, rolcreatedb, rolreplication or rolbypassrls, excluding superusers already listed by SEC-009.",,pg_roles,reference/checks-postgres.md#pg-sec-010,https://www.postgresql.org/docs/current/role-attributes.html,active,0.1.0,,
PG-SEC-018,postgresql,SEC,230,Login roles with no password set,role,0,inventory,sql,,,any,superuser,,,M,med,"Login roles whose pg_authid.rolpassword is null. Correct with peer, cert or LDAP authentication; a lockout or an exposure signal otherwise. The password column is tested for null only and never read into the report.",,pg_authid,reference/checks-postgres.md#pg-sec-018,https://www.postgresql.org/docs/current/auth-password.html,active,0.1.0,,
PG-QRY-003,postgresql,QRY,240,Top 10 statements by total execution time,query,1,inventory,sql,,,any,pg_monitor,,,M,low,"Always, when pg_stat_statements is readable: the 10 statements with the highest total execution time, with percentage of total, calls, mean ms, rows per call, shared blocks read, temp blocks written and WAL bytes.",top_n=10,pg_stat_statements,reference/checks-postgres.md#pg-qry-003,https://www.postgresql.org/docs/current/pgstatstatements.html,active,0.1.0,,
PG-QRY-004,postgresql,QRY,240,Top 10 statements by mean execution time,query,1,inventory,sql,,,any,pg_monitor,,,M,low,The 10 statements with the highest mean execution time among those with at least 100 calls.,top_n=10;min_calls=100,pg_stat_statements,reference/checks-postgres.md#pg-qry-004,https://www.postgresql.org/docs/current/pgstatstatements.html,active,0.1.0,,
PG-QRY-005,postgresql,QRY,240,Top 10 statements by I/O,query,1,inventory,sql,,,any,pg_monitor,,,M,low,The 10 statements with the highest shared_blks_read + temp_blks_read + temp_blks_written.,top_n=10,pg_stat_statements,reference/checks-postgres.md#pg-qry-005,https://www.postgresql.org/docs/current/pgstatstatements.html,active,0.1.0,,
PG-QRY-006,postgresql,QRY,240,Top 10 statements by call count,query,1,inventory,sql,,,any,pg_monitor,,,M,low,The 10 most frequently executed statements. N+1 query patterns and polling loops surface here.,top_n=10,pg_stat_statements,reference/checks-postgres.md#pg-qry-006,https://www.postgresql.org/docs/current/pgstatstatements.html,active,0.1.0,,
PG-QRY-007,postgresql,QRY,240,Top 10 statements by WAL generated,query,1,inventory,sql,13,,primary,pg_monitor,,,M,low,"The 10 statements with the highest wal_bytes (pg_stat_statements 1.8, PostgreSQL 13+). Write amplification and replication load come from here.",top_n=10,pg_stat_statements,reference/checks-postgres.md#pg-qry-007,https://www.postgresql.org/docs/current/pgstatstatements.html,active,0.1.0,,
PG-QRY-017,postgresql,QRY,240,Wait-event snapshot,cluster,0,inventory,sql,10,,any,pg_monitor,,,M,low,Always: a histogram of wait_event_type and wait_event for active non-background sessions at snapshot time. In deep mode this is sampled three times at one-second intervals.,,pg_stat_activity,reference/checks-postgres.md#pg-qry-017,https://www.postgresql.org/docs/current/monitoring-stats.html#MONITORING-PG-STAT-ACTIVITY-VIEW,active,0.1.0,,
PG-CAP-004,postgresql,CAP,250,Database sizes,database,0,inventory,sql,,,any,,,,S,low,"Always: pg_database_size() per database, the cluster total, and the tablespace each database lives in.",,"pg_database, pg_database_size()",reference/checks-postgres.md#pg-cap-004,https://www.postgresql.org/docs/current/diskusage.html,active,0.1.0,,
PG-CAP-005,postgresql,CAP,250,Largest 20 relations,relation,1,inventory,sql,,,any,,,,S,low,"Always, per scanned database: the 20 largest by pg_total_relation_size, split into heap, index and toast bytes.",top_n=20,"pg_class, pg_total_relation_size()",reference/checks-postgres.md#pg-cap-005,https://www.postgresql.org/docs/current/diskusage.html,active,0.1.0,,
PG-CAP-006,postgresql,CAP,250,Growth since last snapshot,database,0,inventory,derived,,,any,,,,S,low,When a previous snapshot exists: per-database and top-relation growth per day between the two runs.,,saved snapshots,reference/checks-postgres.md#pg-cap-006,https://www.postgresql.org/docs/current/diskusage.html,active,0.1.0,,
PG-INFO-001,postgresql,INFO,250,Server identity,cluster,0,inventory,sql,,,any,,,,S,low,"Always: version, server_version_num, start time and uptime, recovery state, system identifier, cluster_name, data_checksums, wal_level, max_connections, shared_buffers, TimeZone and server encoding.",,"version(), pg_settings, pg_postmaster_start_time(), pg_is_in_recovery()",reference/checks-postgres.md#pg-info-001,https://www.postgresql.org/docs/current/monitoring-stats.html,active,0.1.0,,
PG-INFO-002,postgresql,INFO,250,Host resources,host,0,inventory,os,,,any,os,,,S,low,"CPU count, RAM, swap, storage rotational flag, filesystem of the data directory and container detection, from the host helper; otherwise 'unknown, supply baseline.ram_gb'.",,"/proc/meminfo, /proc/cpuinfo, /sys/block",reference/checks-postgres.md#pg-info-002,https://www.postgresql.org/docs/current/runtime-config-resource.html,active,0.1.0,,
PG-INFO-003,postgresql,INFO,250,Installed extensions,database,0,inventory,sql,,,any,,,,S,low,"Always, per scanned database: installed extensions with their installed and default versions, flagging those that require shared_preload_libraries.",,"pg_extension, pg_available_extensions",reference/checks-postgres.md#pg-info-003,https://www.postgresql.org/docs/current/sql-createextension.html,active,0.1.0,,
PG-INFO-004,postgresql,INFO,250,Replication topology,cluster,0,inventory,sql,,,any,pg_monitor,,,S,low,"Always: this node's role, connected standbys with application name, address, state, sync_state and lag; replication slots with type, plugin, activity and retained WAL; subscriptions and publications; synchronous_standby_names. primary_conninfo is reported with any password masked.",,"pg_stat_replication, pg_replication_slots, pg_stat_wal_receiver, pg_subscription, pg_publication",reference/checks-postgres.md#pg-info-004,https://www.postgresql.org/docs/current/warm-standby.html,active,0.1.0,,
PG-INFO-005,postgresql,INFO,250,Connection summary,cluster,0,inventory,sql,10,,any,,,,S,low,"Always: connection counts by state and by database, the top 10 application names, the number of distinct client addresses and the oldest backend_start.",top_n=10,pg_stat_activity,reference/checks-postgres.md#pg-info-005,https://www.postgresql.org/docs/current/monitoring-stats.html#MONITORING-PG-STAT-ACTIVITY-VIEW,active,0.1.0,,
PG-INFO-006,postgresql,INFO,250,Autovacuum configuration,setting,0,inventory,sql,,,any,,,,S,low,"Always: every autovacuum and vacuum setting with its value and source, so the VAC and WRAP findings can be read against the configuration that produced them.",,pg_settings,reference/checks-postgres.md#pg-info-006,https://www.postgresql.org/docs/current/runtime-config-autovacuum.html,active,0.1.0,,
PG-INFO-007,postgresql,INFO,250,Object counts,database,1,inventory,sql,,,any,,,,S,low,"Always, per scanned database: pg_class counts by relkind, schema count, partition count and user function count.",,"pg_class, pg_namespace, pg_proc",reference/checks-postgres.md#pg-info-007,https://www.postgresql.org/docs/current/diskusage.html,active,0.1.0,,
PG-INFO-008,postgresql,INFO,250,"Checkpoint, background writer, WAL and archiver rates",cluster,0,inventory,sql,,,any,,,,S,low,"Always: per-hour rates since the statistics reset for checkpoints (timed and requested), buffers written, WAL bytes and records (14+), and archived and failed WAL files, each with the reset timestamp it is measured from.",,"pg_stat_bgwriter / pg_stat_checkpointer, pg_stat_wal, pg_stat_archiver",reference/checks-postgres.md#pg-info-008,https://www.postgresql.org/docs/current/monitoring-stats.html,active,0.1.0,,
PG-INFO-009,postgresql,INFO,250,Roles summary,role,0,inventory,sql,,,any,,,,S,low,"Always: counts of total, login-capable, superuser, replication, createrole, createdb and bypassrls roles, with platform-owned roles counted separately.",,pg_roles,reference/checks-postgres.md#pg-info-009,https://www.postgresql.org/docs/current/role-attributes.html,active,0.1.0,,
PG-INFO-010,postgresql,INFO,250,pg_hba summary,cluster,0,inventory,sql,10,,any,superuser,,,S,low,"One row per (connection type, authentication method) with the rule count, the line numbers, and the addresses, databases and roles matched. Skipped without the privilege to read pg_hba_file_rules; SEC-012 then says so.",,pg_hba_file_rules,reference/checks-postgres.md#pg-info-010,https://www.postgresql.org/docs/current/auth-pg-hba-conf.html,active,0.1.0,,
PG-INFO-011,postgresql,INFO,250,Tablespaces,cluster,0,inventory,sql,,,any,,,,S,low,"Always: tablespace names, owners, locations and sizes. A non-default tablespace is usually a different volume with its own free space and its own failure mode.",,"pg_tablespace, pg_tablespace_location(), pg_tablespace_size()",reference/checks-postgres.md#pg-info-011,https://www.postgresql.org/docs/current/manage-ag-tablespaces.html,active,0.1.0,,
PG-INFO-012,postgresql,INFO,250,Statistics window,cluster,0,inventory,sql,,,any,,,,S,low,"Always: the earliest stats_reset across the statistics views and the server uptime, expressed as 'counters cover N days'. Every rate in this report depends on it, so it is printed near the top.",,"pg_stat_database, pg_stat_bgwriter, pg_postmaster_start_time()",reference/checks-postgres.md#pg-info-012,https://www.postgresql.org/docs/current/monitoring-stats.html,active,0.1.0,,
XX-META-001,any,META,0,Checks skipped,cluster,0,fast,derived,,,any,,,,S,low,"Any registry check eligible for this engine/version/role did not run; details list each with reason in {privilege, version, platform, standby, cost, user-skip, timeout, error, no-input, embedded-subset, planned}.",,run bookkeeping,reference/checks-postgres.md#xx-meta-001,https://www.postgresql.org/docs/current/monitoring-stats.html,active,0.1.0,,
XX-META-002,any,META,0,Insufficient privileges for core visibility,role,0,fast,derived,10,,any,,,,S,low,"Connected role is not a member of pg_monitor and lacks pg_read_all_stats, so pg_stat_activity.query and pg_stat_statements rows for other users are masked.",,"pg_has_role(), pg_roles",reference/checks-postgres.md#xx-meta-002,https://www.postgresql.org/docs/current/predefined-roles.html,active,0.1.0,,
XX-META-003,any,META,0,Statistics reset within 24 hours,cluster,0,fast,derived,,,any,,,,S,low,"Any of pg_stat_database.stats_reset, pg_stat_bgwriter/pg_stat_checkpointer.stats_reset or pg_stat_statements_info.stats_reset is within 24 h; every counter-based finding becomes confidence=low.",stats_age_seconds=86400,"pg_stat_database, pg_stat_bgwriter, pg_stat_statements_info",reference/checks-postgres.md#xx-meta-003,https://www.postgresql.org/docs/current/monitoring-stats.html,active,0.1.0,,
XX-META-004,any,META,0,db-triage registry is stale,cluster,0,fast,derived,,,any,,,,S,low,"registry.csv generated_at older than 365 days, or reference/versions.yml as_of older than 180 days; EOL and latest-minor checks become confidence=low.",registry_age_days=365;versions_age_days=180,"registry.csv, reference/versions.yml",reference/checks-postgres.md#xx-meta-004,https://www.postgresql.org/support/versioning/,active,0.1.0,,
XX-META-005,any,META,0,Target is a standby/replica,cluster,0,fast,derived,,,any,,,,S,low,pg_is_in_recovery() is true; primary-only checks are skipped and usage counters are this instance's only.,,pg_is_in_recovery(),reference/checks-postgres.md#xx-meta-005,https://www.postgresql.org/docs/current/warm-standby.html,active,0.1.0,,
XX-META-006,any,META,0,Managed platform detected; checks adapted,cluster,0,fast,derived,,,any,,,,S,low,A platform fingerprint from reference/platforms.md matched; details list checks skipped or re-prioritised.,,"pg_roles, pg_settings, pg_available_extensions",reference/checks-postgres.md#xx-meta-006,https://www.postgresql.org/support/versioning/,active,0.1.0,,
XX-META-007,any,META,0,Run limited to N of M databases / relation sampling in effect,cluster,0,fast,derived,,,any,,,,S,low,"More databases exist than were scanned (fast-pass cap 5), or a scanned database has more than 50,000 relations so per-relation checks used top-N sampling.",max_databases=5;max_relations=50000,"pg_database, pg_class",reference/checks-postgres.md#xx-meta-007,https://www.postgresql.org/docs/current/monitoring-stats.html,active,0.1.0,,
XX-META-008,any,META,0,Interview questions unanswered,interview,0,fast,interview,,,any,interview,,,S,low,"Any source=interview check has no recorded answer in .db-triage.yml interview:, or the answer is older than 180 days.",answer_age_days=180,.db-triage.yml,reference/checks-postgres.md#xx-meta-008,https://www.postgresql.org/docs/current/backup.html,active,0.1.0,,
XX-META-009,any,META,254,Run metadata,cluster,0,inventory,derived,,,any,,,,S,low,"Always. Target label, engine, version, role, platform, mode, DSN host (never the password), start/end, duration, checks run/skipped/suppressed, db-triage and registry versions.",,run bookkeeping,reference/checks-postgres.md#xx-meta-009,https://www.postgresql.org/docs/current/monitoring-stats.html,active,0.1.0,,
XX-META-010,any,META,255,db-triage credits,cluster,0,inventory,derived,,,any,,,,S,low,"Always, unless suppressed. db-triage version and repository URL.",,VERSION,reference/checks-postgres.md#xx-meta-010,https://www.postgresql.org/docs/current/monitoring-stats.html,active,0.1.0,,
MY-CORR-001,mysql,CORR,1,InnoDB corruption messages in the error log,host,2,deep,sql,,,any,SELECT ON performance_schema.*,rds;aurora;cloudsql;azure,,L,high,InnoDB integrity messages in performance_schema.error_log within the lookback window.,lookback_hours=168,performance_schema.error_log,reference/checks-mysql.md#my-corr-001,https://dev.mysql.com/doc/refman/8.4/en/error-log.html,active,0.1.0,,
MY-REPL-003,mysql,REPL,5,Replica lag over 5 minutes,replica,0,fast,sql,8.0,,standby,SELECT ON performance_schema.*,,,M,low,Applier lag >= 300 s.,lag_critical_seconds=300;lag_warn_seconds=30,@dbt_repl_lag_s / @dbt_repl_lag_src (01_session.sql §6c),reference/checks-mysql.md#my-repl-003,https://dev.mysql.com/doc/refman/8.4/en/replication-administration-status.html,active,0.1.0,,
MY-REPL-010,mysql,REPL,5,Group Replication member not ONLINE,cluster,0,fast,sql,5.7.17,,any,SELECT ON performance_schema.*,,,M,high,"A group member is not ONLINE, or the group has fewer than 3 members.",min_members=3,performance_schema.replication_group_members,reference/checks-mysql.md#my-repl-010,https://dev.mysql.com/doc/refman/8.4/en/group-replication-monitoring.html,active,0.1.0,,
MY-CORR-002,mysql,CORR,20,Crash-recovery messages in the error log,host,2,deep,sql,,,any,SELECT ON performance_schema.*,rds;aurora;cloudsql;azure,,M,low,Crash or unclean-shutdown messages in performance_schema.error_log.,lookback_hours=168,performance_schema.error_log,reference/checks-mysql.md#my-corr-002,https://dev.mysql.com/doc/refman/8.4/en/error-log.html,active,0.1.0,,
MY-REPL-016,mysql,REPL,20,GTID set has gaps,cluster,0,fast,sql,5.6,,any,,,,L,high,gtid_executed contains more intervals than source UUIDs.,,"@dbt_v_gtid_executed, @dbt_v_gtid_purged",reference/checks-mysql.md#my-repl-016,https://dev.mysql.com/doc/refman/8.4/en/replication-gtids-concepts.html,active,0.1.0,,
MY-REPL-004,mysql,REPL,50,Replica lag over 30 seconds,replica,0,fast,sql,8.0,,standby,SELECT ON performance_schema.*,,,M,low,Applier lag >= 30 s and < 300 s.,lag_warn_seconds=30;lag_critical_seconds=300,@dbt_repl_lag_s / @dbt_repl_lag_src,reference/checks-mysql.md#my-repl-004,https://dev.mysql.com/doc/refman/8.4/en/replication-administration-status.html,active,0.1.0,,
MY-REL-010,mysql,REL,100,Persisted variables override the configuration files,setting,0,fast,sql,8.0,,any,SELECT ON performance_schema.*,rds;aurora;cloudsql;azure,,S,med,A persisted variable overrides a file-sourced value.,,"performance_schema.persisted_variables, performance_schema.variables_info",reference/checks-mysql.md#my-rel-010,https://dev.mysql.com/doc/refman/8.4/en/persisted-system-variables.html,active,0.1.0,,
MY-SCHEMA-003,mysql,SCHEMA,150,sql_require_primary_key off while primary-key-less tables exist,setting,1,fast,sql,8.0.13,,any,,,,S,med,sql_require_primary_key OFF while primary-key-less tables exist.,,"@dbt_v_sql_require_primary_key, information_schema.TABLES/STATISTICS",reference/checks-mysql.md#my-schema-003,https://dev.mysql.com/doc/refman/8.4/en/server-system-variables.html#sysvar_sql_require_primary_key,active,0.1.0,,
MY-CFG-002,mysql,CFG,200,Persisted variables (inventory),setting,0,inventory,sql,8.0,,any,SELECT ON performance_schema.*,,,S,low,Always emitted when persisted variables exist.,,performance_schema.persisted_variables,reference/checks-mysql.md#my-cfg-002,https://dev.mysql.com/doc/refman/8.4/en/persisted-system-variables.html,active,0.1.0,,
MY-SEC-013,mysql,SEC,200,Accounts without password expiry (review),role,0,inventory,sql,,,any,SELECT ON mysql.*,,,S,low,Accounts inherit an unlimited default_password_lifetime.,,"normalised account source (password_lifetime), @dbt_v_default_password_lifetime",reference/checks-mysql.md#my-sec-013,https://dev.mysql.com/doc/refman/8.4/en/password-management.html,active,0.1.0,,
MY-MEM-009,mariadb,MEM,50,Query cache enabled,setting,0,fast,sql,,,any,,,,S,low,query_cache_type not OFF with a non-zero query_cache_size.,threads_running=8,"@dbt_v_query_cache_type, @dbt_v_query_cache_size, @dbt_s_threads_running",reference/checks-mysql.md#my-mem-009,https://mariadb.com/kb/en/query-cache/,active,0.1.0,,
MY-WAL-004,mariadb,WAL,100,Checkpoint age near redo capacity,cluster,0,fast,sql,,,any,,,,M,med,Checkpoint age >= 75% of its maximum.,checkpoint_age_ratio=0.75,"@dbt_s_innodb_checkpoint_age, @dbt_s_innodb_checkpoint_max_age",reference/checks-mysql.md#my-wal-004,https://mariadb.com/kb/en/innodb-status-variables/,active,0.1.0,,
MY-QRY-016,mariadb,QRY,240,Per-account workload profile (MariaDB user statistics),role,1,inventory,sql,,,any,,,,S,low,Always emitted when userstat is ON.,top_n=15,"information_schema.USER_STATISTICS, @dbt_v_userstat",reference/checks-mysql.md#my-qry-016,https://mariadb.com/kb/en/user-statistics/,active,0.1.0,,
MY-BAK-001,"mysql,mariadb",BAK,1,Binary logging disabled — point-in-time recovery impossible,cluster,0,fast,sql,,,any,,rds;aurora;cloudsql;azure,rds=200;aurora=200;cloudsql=200;azure=200,M,med,log_bin = OFF on a self-managed primary.,,"@@GLOBAL.log_bin, @dbt_platform, @dbt_is_replica",reference/checks-mysql.md#my-bak-001,https://dev.mysql.com/doc/refman/8.4/en/binary-log.html,active,0.1.0,,
MY-BAK-002,"mysql,mariadb",BAK,1,Last successful backup unknown or older than 7 days,cluster,0,fast,external,,,any,os;interview,,,M,low,"No backup tool output found, or newest backup >= 7 days old.",,,reference/checks-mysql.md#my-bak-002,https://dev.mysql.com/doc/refman/8.4/en/backup-methods.html,active,0.1.0,,
MY-CAP-001,"mysql,mariadb",CAP,1,"Data, binary log or temp volume at or above 90 percent full",host,0,fast,os,,,any,os,rds;aurora;cloudsql;azure,,M,high,A MySQL volume is >= 90% full.,,,reference/checks-mysql.md#my-cap-001,https://dev.mysql.com/doc/refman/8.4/en/disk-issues.html,active,0.1.0,,
MY-DUR-004,"mysql,mariadb",DUR,1,InnoDB doublewrite buffer disabled,setting,0,fast,sql,,,any,,,,M,high,innodb_doublewrite is OFF or DETECT_ONLY.,,"@@GLOBAL.innodb_doublewrite, @@GLOBAL.innodb_page_size",reference/checks-mysql.md#my-dur-004,https://dev.mysql.com/doc/refman/8.4/en/innodb-doublewrite-buffer.html,active,0.1.0,,
MY-DUR-005,"mysql,mariadb",DUR,1,Server running in innodb_force_recovery mode,setting,0,fast,sql,,,any,,,,L,high,innodb_force_recovery > 0.,,@@GLOBAL.innodb_force_recovery,reference/checks-mysql.md#my-dur-005,https://dev.mysql.com/doc/refman/8.4/en/forcing-innodb-recovery.html,active,0.1.0,,
MY-REL-002,"mysql,mariadb",REL,1,End-of-life server reachable from any network interface,cluster,0,fast,sql,,,any,SELECT ON mysql.*,,,L,high,"MY-REL-001 fired, the server listens on all interfaces, and wildcard-host accounts exist.",eol_as_of=2026-09-02,"as MY-REL-001, plus @@GLOBAL.bind_address, @@GLOBAL.skip_networking, and the wildcard-host account count",reference/checks-mysql.md#my-rel-002,https://endoflife.date/mysql,active,0.1.0,,
MY-REPL-001,"mysql,mariadb",REPL,1,Replication stopped with an error,replica,0,fast,sql,,,standby,SELECT ON performance_schema.*,,,M,med,A replication thread is not running and an error is recorded.,,@dbt_repl_io_state / @dbt_repl_sql_state / @dbt_repl_err_* (01_session.sql §6c),reference/checks-mysql.md#my-repl-001,https://dev.mysql.com/doc/refman/8.4/en/replication-administration-status.html,active,0.1.0,,
MY-SEC-001,"mysql,mariadb",SEC,1,Accounts with no password,role,0,fast,sql,,,any,SELECT ON mysql.*,,,S,med,"An unlocked, non-external-auth account has an empty credential.",,normalised account source @dbt_acct_src (01_session.sql §6d),reference/checks-mysql.md#my-sec-001,https://dev.mysql.com/doc/refman/8.4/en/assigning-passwords.html,active,0.1.0,,
MY-SEC-002,"mysql,mariadb",SEC,1,Superuser-equivalent account reachable from any host,role,0,fast,sql,,,any,SELECT ON mysql.*,,,S,med,An account with SUPER or all privileges has a wildcard host pattern.,,normalised account source @dbt_acct_src,reference/checks-mysql.md#my-sec-002,https://dev.mysql.com/doc/refman/8.4/en/privileges-provided.html,active,0.1.0,,
MY-CONN-001,"mysql,mariadb",CONN,5,Connections at or above 90 percent of max_connections,cluster,0,fast,sql,,,any,,,,S,med,Threads_connected or Max_used_connections >= 90% of max_connections.,conn_critical_ratio=0.90,"@dbt_s_threads_connected (now), @dbt_s_max_used_connections (since restart), @@GLOBAL.max_connections",reference/checks-mysql.md#my-conn-001,https://dev.mysql.com/doc/refman/8.4/en/too-many-connections.html,active,0.1.0,,
MY-DUR-003,"mysql,mariadb",DUR,5,Crash-unsafe replication source,cluster,0,fast,sql,,,any,PROCESS,,,S,med,MY-DUR-001 and MY-DUR-002 both true and replicas are connected.,,"@@GLOBAL.innodb_flush_log_at_trx_commit, @@GLOBAL.sync_binlog, @@GLOBAL.log_bin, information_schema.PROCESSLIST (Binlog Dump threads, via @dbt_binlog_dump_threads)",reference/checks-mysql.md#my-dur-003,https://dev.mysql.com/doc/refman/8.4/en/replication-solutions-performance.html,active,0.1.0,,
MY-SCHEMA-005,"mysql,mariadb",SCHEMA,5,AUTO_INCREMENT at or above 90 percent exhausted,relation,1,fast,sql,,,any,,,,L,high,AUTO_INCREMENT >= 90% of the column type maximum.,autoinc_critical_ratio=0.90;autoinc_warn_ratio=0.70,"sys.schema_auto_increment_columns, with an information_schema fallback",reference/checks-mysql.md#my-schema-005,https://dev.mysql.com/doc/refman/8.4/en/example-auto-increment.html,active,0.1.0,,
MY-SEC-003,"mysql,mariadb",SEC,5,Anonymous accounts present,role,0,fast,sql,,,any,SELECT ON mysql.*,,,S,med,An account with an empty username exists.,,normalised account source @dbt_acct_src,reference/checks-mysql.md#my-sec-003,https://dev.mysql.com/doc/refman/8.4/en/default-privileges.html,active,0.1.0,,
MY-UNDO-001,"mysql,mariadb",UNDO,5,InnoDB history list length very high,cluster,0,fast,sql,,,any,,,,M,med,"InnoDB history list length >= 1,000,000 undo records.",hll_critical=1000000,information_schema.INNODB_METRICS trx_rseg_history_len (via @dbt_hll),reference/checks-mysql.md#my-undo-001,https://dev.mysql.com/doc/refman/8.4/en/innodb-purge-configuration.html,active,0.1.0,,
MY-DUR-001,"mysql,mariadb",DUR,10,innodb_flush_log_at_trx_commit not 1,setting,0,fast,sql,,,any,,,,S,med,innodb_flush_log_at_trx_commit is 0 or 2.,,"@@GLOBAL.innodb_flush_log_at_trx_commit, @@GLOBAL.innodb_flush_log_at_timeout",reference/checks-mysql.md#my-dur-001,https://dev.mysql.com/doc/refman/8.4/en/innodb-parameters.html#sysvar_innodb_flush_log_at_trx_commit,active,0.1.0,,
MY-DUR-002,"mysql,mariadb",DUR,10,sync_binlog not 1,setting,0,fast,sql,,,any,,,,S,med,log_bin ON and sync_binlog <> 1.,,"@@GLOBAL.sync_binlog, @@GLOBAL.log_bin",reference/checks-mysql.md#my-dur-002,https://dev.mysql.com/doc/refman/8.4/en/replication-options-binary-log.html#sysvar_sync_binlog,active,0.1.0,,
MY-LOCK-001,"mysql,mariadb",LOCK,10,Transaction waiting on a row lock for over 5 minutes,session,0,fast,sql,,,any,PROCESS,,,S,med,A transaction has waited >= 300 s for a row lock.,lock_wait_critical_seconds=300;lock_wait_warn_seconds=30,"information_schema.INNODB_TRX (trx_wait_started, trx_state), PROCESSLIST",reference/checks-mysql.md#my-lock-001,https://dev.mysql.com/doc/refman/8.4/en/innodb-locking.html,active,0.1.0,,
MY-LOCK-004,"mysql,mariadb",LOCK,10,Idle transaction holding locks for over an hour,session,0,fast,sql,,,any,PROCESS,,,S,med,An idle transaction has held row locks >= 1 h.,idle_txn_critical_seconds=3600;idle_txn_warn_seconds=300,information_schema.INNODB_TRX joined to PROCESSLIST (COMMAND='Sleep'),reference/checks-mysql.md#my-lock-004,https://dev.mysql.com/doc/refman/8.4/en/innodb-locking.html,active,0.1.0,,
MY-REL-005,"mysql,mariadb",REL,10,Server restarted within the last 24 hours,cluster,0,fast,sql,,,any,,,,S,low,"Uptime < 86,400 s.",recent_restart_seconds=86400,@dbt_s_uptime,reference/checks-mysql.md#my-rel-005,https://dev.mysql.com/doc/refman/8.4/en/server-status-variables.html#statvar_Uptime,active,0.1.0,,
MY-REPL-002,"mysql,mariadb",REPL,10,Replication threads stopped without an error,replica,0,fast,sql,,,standby,SELECT ON performance_schema.*,,,S,med,A replication thread is not running and no error is recorded.,,@dbt_repl_io_state / @dbt_repl_sql_state / @dbt_repl_err_no,reference/checks-mysql.md#my-repl-002,https://dev.mysql.com/doc/refman/8.4/en/replication-administration-status.html,active,0.1.0,,
MY-REPL-005,"mysql,mariadb",REPL,10,Replica is writable,replica,0,fast,sql,,,standby,,,,S,med,Replica with read_only OFF or super_read_only OFF.,,"@@GLOBAL.read_only, @dbt_v_super_read_only, @dbt_is_replica",reference/checks-mysql.md#my-repl-005,https://dev.mysql.com/doc/refman/8.4/en/server-system-variables.html#sysvar_super_read_only,active,0.1.0,,
MY-BAK-003,"mysql,mariadb",BAK,20,Binary log retention shorter than one day,setting,0,fast,sql,,,any,,,,S,low,"Effective binary log retention < 86,400 s.",min_retention_seconds=86400,"@dbt_v_binlog_expire_logs_seconds, @dbt_v_expire_logs_days, @@GLOBAL.log_bin",reference/checks-mysql.md#my-bak-003,https://dev.mysql.com/doc/refman/8.4/en/replication-options-binary-log.html#sysvar_binlog_expire_logs_seconds,active,0.1.0,,
MY-CAP-002,"mysql,mariadb",CAP,20,Volume at or above 80 percent full,host,0,fast,os,,,any,os,rds;aurora;cloudsql;azure,,M,med,A MySQL volume is >= 80% full.,,,reference/checks-mysql.md#my-cap-002,https://dev.mysql.com/doc/refman/8.4/en/disk-issues.html,active,0.1.0,,
MY-CAP-003,"mysql,mariadb",CAP,20,Projected disk-full within 30 days,host,0,fast,derived,,,any,os,,,M,med,Projected disk-full within 30 days from snapshot growth.,,,reference/checks-mysql.md#my-cap-003,https://dev.mysql.com/doc/refman/8.4/en/disk-issues.html,planned,0.1.0,,
MY-CONN-003,"mysql,mariadb",CONN,20,Clients refused because max_connections was reached,cluster,0,fast,sql,,,any,,,,S,med,Connection_errors_max_connections > 0.,,@dbt_s_connection_errors_max_connections,reference/checks-mysql.md#my-conn-003,https://dev.mysql.com/doc/refman/8.4/en/server-status-variables.html#statvar_Connection_errors_xxx,active,0.1.0,,
MY-LOCK-003,"mysql,mariadb",LOCK,20,Transaction open for over an hour,session,0,fast,sql,,,any,PROCESS,,,S,med,A transaction has been open >= 1 h.,long_txn_seconds=3600,"information_schema.INNODB_TRX (trx_started), PROCESSLIST",reference/checks-mysql.md#my-lock-003,https://dev.mysql.com/doc/refman/8.4/en/innodb-transaction-model.html,active,0.1.0,,
MY-MEM-001,"mysql,mariadb",MEM,20,InnoDB buffer pool at the shipped default,setting,0,fast,sql,,,any,,,rds=200;aurora=200;cloudsql=200;azure=200,S,low,innodb_buffer_pool_size <= 128 MB with innodb_dedicated_server OFF.,default_pool_bytes=134217728,"@@GLOBAL.innodb_buffer_pool_size, @dbt_v_innodb_dedicated_server",reference/checks-mysql.md#my-mem-001,https://dev.mysql.com/doc/refman/8.4/en/innodb-buffer-pool-resize.html,active,0.1.0,,
MY-REL-001,"mysql,mariadb",REL,20,Server version is past end of life,cluster,0,fast,sql,,,any,,,vitess=200,L,med,The server's release branch is past its end-of-life date.,eol_as_of=2026-09-02,"@@GLOBAL.version, @dbt_fork, and the embedded release table below",reference/checks-mysql.md#my-rel-001,https://endoflife.date/mysql,active,0.1.0,,
MY-SCHEMA-001,"mysql,mariadb",SCHEMA,20,InnoDB tables without a primary key on a replicated source,relation,1,fast,sql,,,any,,,,L,med,An InnoDB table has no primary key and row-based binary logging is in use.,max_listed=20,"information_schema.TABLES, information_schema.STATISTICS (PRIMARY), @@GLOBAL.binlog_format, @@GLOBAL.log_bin, @dbt_binlog_dump_threads",reference/checks-mysql.md#my-schema-001,https://dev.mysql.com/doc/refman/8.4/en/replication-features-differing-tables.html,active,0.1.0,,
MY-BAK-004,"mysql,mariadb",BAK,50,Binary logs never expire,setting,0,fast,sql,,,any,,rds;aurora;cloudsql;azure,,S,low,log_bin ON and both retention variables are 0.,,"@dbt_v_binlog_expire_logs_seconds, @dbt_v_expire_logs_days, @@GLOBAL.log_bin",reference/checks-mysql.md#my-bak-004,https://dev.mysql.com/doc/refman/8.4/en/replication-options-binary-log.html#sysvar_binlog_expire_logs_seconds,active,0.1.0,,
MY-BAK-005,"mysql,mariadb",BAK,50,Restore never tested or RPO/RTO undocumented,interview,0,fast,interview,,,any,interview,,,M,low,"Last restore test > 90 days, never, or unknown.",,,reference/checks-mysql.md#my-bak-005,https://dev.mysql.com/doc/refman/8.4/en/backup-and-recovery.html,active,0.1.0,,
MY-CAP-006,"mysql,mariadb",CAP,50,Binary logs consuming excessive space,cluster,0,fast,derived,,,any,REPLICATION CLIENT,,,S,low,Binary logs occupy >= 100 GB or >= 25% of data size.,,,reference/checks-mysql.md#my-cap-006,https://dev.mysql.com/doc/refman/8.4/en/purge-binary-logs.html,planned,0.1.0,,
MY-CAP-007,"mysql,mariadb",CAP,50,General query log enabled,setting,0,fast,sql,,,any,,,,S,low,general_log = ON.,,"@@GLOBAL.general_log, @@GLOBAL.log_output, @dbt_s_questions",reference/checks-mysql.md#my-cap-007,https://dev.mysql.com/doc/refman/8.4/en/query-log.html,active,0.1.0,,
MY-CONN-002,"mysql,mariadb",CONN,50,Connections at or above 70 percent of max_connections,cluster,0,fast,sql,,,any,,,,S,low,Threads_connected or Max_used_connections >= 70% and < 90%.,conn_warn_ratio=0.70;conn_critical_ratio=0.90,as MY-CONN-001,reference/checks-mysql.md#my-conn-002,https://dev.mysql.com/doc/refman/8.4/en/too-many-connections.html,active,0.1.0,,
MY-CONN-006,"mysql,mariadb",CONN,50,max_connections very high with no thread pool and no evidence of a pooler,setting,0,fast,sql,,,any,PROCESS,,,L,med,"max_connections >= 1000, no thread pool, and connections are not concentrated.",high_max_connections=1000;pooler_host_concentration=0.80;pooler_max_hosts=3,"@@GLOBAL.max_connections, @dbt_v_thread_handling, information_schema.PLUGINS (thread_pool), information_schema.PROCESSLIST",reference/checks-mysql.md#my-conn-006,https://dev.mysql.com/doc/refman/8.4/en/connection-interfaces.html,active,0.1.0,,
MY-CONN-009,"mysql,mariadb",CONN,50,Server saturated at snapshot time,cluster,0,fast,sql,,,any,,,,M,low,"Threads_running >= 2 per core, or >= 64 when cores are unknown.",running_per_core=2;running_absolute=64,"@dbt_s_threads_running, @dbt_cpu_count",reference/checks-mysql.md#my-conn-009,https://dev.mysql.com/doc/refman/8.4/en/server-status-variables.html#statvar_Threads_running,active,0.1.0,,
MY-DUR-006,"mysql,mariadb",DUR,50,InnoDB page checksums disabled,setting,0,fast,sql,,,any,,,,L,med,innodb_checksum_algorithm = none.,,"@dbt_v_innodb_checksum_algorithm (bundle: present in MySQL 5.6+ and MariaDB 10.x, but read through the bundle so a fork that drops it yields NULL and this check stays silent instead of erroring)",reference/checks-mysql.md#my-dur-006,https://dev.mysql.com/doc/refman/8.4/en/innodb-parameters.html#sysvar_innodb_checksum_algorithm,active,0.1.0,,
MY-DUR-007,"mysql,mariadb",DUR,50,Non-transactional storage engines in use,relation,1,fast,sql,,,any,,,,L,med,Any user table uses a non-transactional storage engine.,max_rows=20,information_schema.TABLES,reference/checks-mysql.md#my-dur-007,https://dev.mysql.com/doc/refman/8.4/en/storage-engines.html,active,0.1.0,,
MY-IDX-001,"mysql,mariadb",IDX,50,Unused index of 1 GB or more,index,1,fast,sql,,,any,SELECT ON performance_schema.*;SELECT ON mysql.*,,,S,med,An index >= 1 GB has zero reads since restart.,unused_index_bytes=1073741824;min_uptime_days=30,"sys.schema_unused_indexes, or performance_schema.table_io_waits_summary_by_index_usage directly; mysql.innodb_index_stats (stat_name='size') x @@innodb_page_size for size",reference/checks-mysql.md#my-idx-001,https://dev.mysql.com/doc/refman/8.4/en/sys-schema-unused-indexes.html,active,0.1.0,,
MY-IDX-003,"mysql,mariadb",IDX,50,Redundant or duplicate indexes,index,1,fast,sql,,,any,,,,S,low,"An index is a leftmost prefix of, or identical to, another index.",,"sys.schema_redundant_indexes, or an information_schema.STATISTICS self-join where sys is absent",reference/checks-mysql.md#my-idx-003,https://dev.mysql.com/doc/refman/8.4/en/sys-schema-redundant-indexes.html,active,0.1.0,,
MY-IDX-004,"mysql,mariadb",IDX,50,Large table with heavy full table scans,relation,1,fast,sql,,,any,SELECT ON performance_schema.*,,,M,low,A table >= 1 GB has >= 10 M rows read without an index.,scan_table_bytes=1073741824;rows_full_scanned=10000000,"sys.schema_tables_with_full_table_scans (object_schema, object_name, rows_full_scanned), information_schema.TABLES for size",reference/checks-mysql.md#my-idx-004,https://dev.mysql.com/doc/refman/8.4/en/sys-schema-tables-with-full-table-scans.html,active,0.1.0,,
MY-LOCK-002,"mysql,mariadb",LOCK,50,Transaction waiting on a row lock for over 30 seconds,session,0,fast,sql,,,any,PROCESS,,,S,low,A transaction has waited >= 30 s and < 300 s for a row lock.,lock_wait_warn_seconds=30;lock_wait_critical_seconds=300,"information_schema.INNODB_TRX, PROCESSLIST",reference/checks-mysql.md#my-lock-002,https://dev.mysql.com/doc/refman/8.4/en/innodb-locking.html,active,0.1.0,,
MY-LOCK-005,"mysql,mariadb",LOCK,50,Idle transaction holding locks for over 5 minutes,session,0,fast,sql,,,any,PROCESS,,,S,low,An idle transaction has held row locks >= 5 min and < 1 h.,idle_txn_warn_seconds=300;idle_txn_critical_seconds=3600,information_schema.INNODB_TRX joined to PROCESSLIST,reference/checks-mysql.md#my-lock-005,https://dev.mysql.com/doc/refman/8.4/en/innodb-locking.html,active,0.1.0,,
MY-LOCK-006,"mysql,mariadb",LOCK,50,Sessions waiting for a metadata lock,cluster,0,fast,sql,,,any,PROCESS,,,S,high,A session has waited >= 30 s for a table metadata lock.,mdl_wait_seconds=30,information_schema.PROCESSLIST (STATE = 'Waiting for table metadata lock'),reference/checks-mysql.md#my-lock-006,https://dev.mysql.com/doc/refman/8.4/en/metadata-locking.html,active,0.1.0,,
MY-MEM-002,"mysql,mariadb",MEM,50,Buffer pool far smaller than the InnoDB working set,setting,1,fast,sql,,,any,,,,M,low,Buffer pool < 25% of InnoDB data and < 50% of RAM where RAM is known.,pool_to_data_ratio=0.25;pool_to_ram_ratio=0.50,"@@GLOBAL.innodb_buffer_pool_size, information_schema.TABLES, @dbt_ram_bytes",reference/checks-mysql.md#my-mem-002,https://dev.mysql.com/doc/refman/8.4/en/innodb-buffer-pool-resize.html,active,0.1.0,,
MY-MEM-007,"mysql,mariadb",MEM,50,Worst-case memory commitment exceeds host RAM,cluster,0,fast,sql,,,any,,,,M,med,"Worst-case memory commitment >= host RAM, or RAM unknown.",commitment_ratio=1.0,"@@GLOBAL.innodb_buffer_pool_size, innodb_log_buffer_size, key_buffer_size, max_connections, sort/join/read/read_rnd buffers, binlog_cache_size, thread_stack, tmp_table_size, @dbt_ram_bytes",reference/checks-mysql.md#my-mem-007,https://dev.mysql.com/doc/refman/8.4/en/memory-use.html,active,0.1.0,,
MY-MEM-011,"mysql,mariadb",MEM,50,Host is swapping,host,0,fast,os,,,any,os,rds;aurora;cloudsql;azure,,M,med,"Swap in use >= 1 GB, or non-zero swap-in/swap-out.",,,reference/checks-mysql.md#my-mem-011,https://dev.mysql.com/doc/refman/8.4/en/memory-use.html,active,0.1.0,,
MY-REPL-006,"mysql,mariadb",REPL,50,GTID not in use in a replicated topology,cluster,0,fast,sql,,,any,,,,L,med,Replication configured and GTID not in use.,,"@dbt_v_gtid_mode (MySQL), @dbt_repl_using_gtid (both), @dbt_v_gtid_strict_mode / @dbt_v_gtid_binlog_pos (MariaDB)",reference/checks-mysql.md#my-repl-006,https://dev.mysql.com/doc/refman/8.4/en/replication-gtids.html,active,0.1.0,,
MY-REPL-007,"mysql,mariadb",REPL,50,Statement-based binary logging,setting,0,fast,sql,,,any,,,,M,med,log_bin ON and binlog_format = STATEMENT.,,"@@GLOBAL.binlog_format, @@GLOBAL.log_bin",reference/checks-mysql.md#my-repl-007,https://dev.mysql.com/doc/refman/8.4/en/binary-log-formats.html,active,0.1.0,,
MY-REPL-008,"mysql,mariadb",REPL,50,Replication errors are being skipped,setting,0,fast,sql,,,any,,,,S,high,"skip_errors is set, or exec_mode is IDEMPOTENT.",,"@dbt_v_replica_skip_errors / @dbt_v_slave_skip_errors, @dbt_v_replica_exec_mode / @dbt_v_slave_exec_mode",reference/checks-mysql.md#my-repl-008,https://dev.mysql.com/doc/refman/8.4/en/replication-options-replica.html#sysvar_replica_skip_errors,active,0.1.0,,
MY-REPL-009,"mysql,mariadb",REPL,50,Semi-synchronous replication has fallen back to asynchronous,cluster,0,fast,sql,,,any,,,,M,med,Semi-sync enabled but its status variable reads OFF.,,"@dbt_v_rpl_semi_sync_source_enabled / @dbt_v_rpl_semi_sync_master_enabled, @dbt_s_rpl_semi_sync_source_status / @dbt_s_rpl_semi_sync_master_status, @dbt_s_rpl_semi_sync_*_no_tx",reference/checks-mysql.md#my-repl-009,https://dev.mysql.com/doc/refman/8.4/en/replication-semisync.html,active,0.1.0,,
MY-REPL-015,"mysql,mariadb",REPL,50,Replication filters configured,cluster,0,fast,sql,,,any,,,,M,med,Any replication filter is configured.,,"performance_schema.replication_applier_filters / replication_applier_global_filters (MySQL 8.0.1+); @dbt_v_replicate_* bundle variables (MariaDB, and MySQL where the performance_schema tables are unavailable)",reference/checks-mysql.md#my-repl-015,https://dev.mysql.com/doc/refman/8.4/en/replication-rules.html,active,0.1.0,,
MY-SCHEMA-004,"mysql,mariadb",SCHEMA,50,sql_mode is not strict,setting,0,fast,sql,,,any,,,,M,high,Global sql_mode lacks a STRICT mode or a zero-date restriction.,,@dbt_global_sql_mode (the GLOBAL value captured in 01_session.sql BEFORE this session changed its own sql_mode),reference/checks-mysql.md#my-schema-004,https://dev.mysql.com/doc/refman/8.4/en/sql-mode.html#sql-mode-strict,active,0.1.0,,
MY-SCHEMA-006,"mysql,mariadb",SCHEMA,50,AUTO_INCREMENT at or above 70 percent exhausted,relation,1,fast,sql,,,any,,,,L,high,AUTO_INCREMENT >= 70% and < 90% of the column type maximum.,autoinc_critical_ratio=0.90;autoinc_warn_ratio=0.70,"sys.schema_auto_increment_columns, with an information_schema fallback",reference/checks-mysql.md#my-schema-006,https://dev.mysql.com/doc/refman/8.4/en/example-auto-increment.html,active,0.1.0,,
MY-SCHEMA-007,"mysql,mariadb",SCHEMA,50,Integrity checks disabled globally,setting,0,fast,sql,,,any,,,,S,high,foreign_key_checks or unique_checks is OFF at global scope.,,"@@GLOBAL.foreign_key_checks, @@GLOBAL.unique_checks",reference/checks-mysql.md#my-schema-007,https://dev.mysql.com/doc/refman/8.4/en/server-system-variables.html#sysvar_foreign_key_checks,active,0.1.0,,
MY-SCHEMA-013,"mysql,mariadb",SCHEMA,50,Shared InnoDB tablespace in use,relation,1,fast,sql,,,any,,,,L,high,"innodb_file_per_table OFF, or tables remain in the system tablespace.",,"@@GLOBAL.innodb_file_per_table, information_schema.INNODB_TABLES (MySQL 8.0) or information_schema.INNODB_SYS_TABLES (MySQL 5.7 / MariaDB)",reference/checks-mysql.md#my-schema-013,https://dev.mysql.com/doc/refman/8.4/en/innodb-file-per-table-tablespaces.html,active,0.1.0,,
MY-SEC-008,"mysql,mariadb",SEC,50,Application connections running as a privileged account,role,0,fast,sql,,,any,PROCESS;SELECT ON mysql.*,,,M,med,>= 5 concurrent non-local connections from a privileged account.,privileged_conn_count=5,information_schema.PROCESSLIST joined to the normalised account source,reference/checks-mysql.md#my-sec-008,https://dev.mysql.com/doc/refman/8.4/en/privileges-provided.html,active,0.1.0,,
MY-UNDO-002,"mysql,mariadb",UNDO,50,InnoDB history list length elevated,cluster,0,fast,sql,,,any,,,,M,low,"InnoDB history list length >= 100,000 and < 1,000,000.",hll_elevated=100000;hll_critical=1000000,information_schema.INNODB_METRICS trx_rseg_history_len (via @dbt_hll),reference/checks-mysql.md#my-undo-002,https://dev.mysql.com/doc/refman/8.4/en/innodb-purge-configuration.html,active,0.1.0,,
MY-UNDO-003,"mysql,mariadb",UNDO,50,Undo tablespaces large,cluster,0,fast,sql,,,any,,,,M,med,"Undo storage >= 10 GB, or >= 2 GB with innodb_undo_log_truncate OFF.",undo_bytes=10737418240;undo_bytes_no_truncate=2147483648,"information_schema.FILES (MySQL 8.0, FILE_TYPE='UNDO LOG'); information_schema.INNODB_SYS_TABLESPACES (MariaDB, NAME LIKE 'innodb_undo%'); @@GLOBAL.innodb_undo_tablespaces, @@GLOBAL.innodb_undo_log_truncate",reference/checks-mysql.md#my-undo-003,https://dev.mysql.com/doc/refman/8.4/en/innodb-undo-tablespaces.html,active,0.1.0,,
MY-WAL-001,"mysql,mariadb",WAL,50,Redo log capacity below one hour of writes,setting,0,fast,sql,,,any,,,,M,med,Redo capacity holds less than one hour of the observed redo write rate.,redo_hours=1;min_write_rate_bytes_per_hour=10485760;small_capacity_bytes=104857600,"@dbt_v_innodb_redo_log_capacity (MySQL 8.0.30+), @dbt_v_innodb_log_file_size x @dbt_v_innodb_log_files_in_group (older MySQL, MariaDB), @dbt_s_innodb_os_log_written, @dbt_uptime_s",reference/checks-mysql.md#my-wal-001,https://dev.mysql.com/doc/refman/8.4/en/innodb-redo-log.html,active,0.1.0,,
MY-BAK-006,"mysql,mariadb",BAK,100,Binary log checksums off,setting,0,fast,sql,,,any,,,,S,low,binlog_checksum = NONE with log_bin ON.,,"@@GLOBAL.binlog_checksum, @@GLOBAL.master_verify_checksum equivalents",reference/checks-mysql.md#my-bak-006,https://dev.mysql.com/doc/refman/8.4/en/replication-options-binary-log.html#sysvar_binlog_checksum,active,0.1.0,,
MY-BAK-007,"mysql,mariadb",BAK,100,Managed-platform backups not verifiable from SQL,cluster,0,fast,derived,,,any,,,,S,low,A managed platform was fingerprinted.,,,reference/checks-mysql.md#my-bak-007,https://dev.mysql.com/doc/refman/8.4/en/backup-methods.html,active,0.1.0,,
MY-CAP-008,"mysql,mariadb",CAP,100,InnoDB temporary tablespace large,cluster,0,fast,sql,,,any,,,,M,med,The InnoDB temporary tablespace is >= 10 GB.,temp_tablespace_bytes=10737418240,"information_schema.FILES (MySQL 8.0, FILE_TYPE='TEMPORARY') or information_schema.INNODB_SYS_TABLESPACES (MariaDB, NAME='innodb_temporary'); @dbt_v_innodb_temp_data_file_path",reference/checks-mysql.md#my-cap-008,https://dev.mysql.com/doc/refman/8.4/en/innodb-temporary-tablespace.html,active,0.1.0,,
MY-CONN-004,"mysql,mariadb",CONN,100,Aborted connections high,cluster,0,fast,sql,,,any,,,,M,low,Aborted_connects or Aborted_clients >= 1% of Connections.,aborted_ratio=0.01;min_connections=10000,"@dbt_s_aborted_connects, @dbt_s_aborted_clients, @dbt_s_connections",reference/checks-mysql.md#my-conn-004,https://dev.mysql.com/doc/refman/8.4/en/communication-errors.html,active,0.1.0,,
MY-CONN-005,"mysql,mariadb",CONN,100,Host approaching the connect-error block threshold,host,0,fast,sql,,,any,SELECT ON performance_schema.*,,,S,low,A host has reached 50% of max_connect_errors.,connect_error_ratio=0.50,"performance_schema.host_cache (SUM_CONNECT_ERRORS), @@GLOBAL.max_connect_errors",reference/checks-mysql.md#my-conn-005,https://dev.mysql.com/doc/refman/8.4/en/host-cache.html,active,0.1.0,,
MY-CONN-007,"mysql,mariadb",CONN,100,Most connections are sleeping,cluster,0,fast,sql,,,any,PROCESS,,,M,low,">= 80% of >= 100 connections idle with wait_timeout >= 28,800 s.",sleep_ratio=0.80;min_conns=100;long_wait_timeout=28800,"information_schema.PROCESSLIST, @@GLOBAL.wait_timeout",reference/checks-mysql.md#my-conn-007,https://dev.mysql.com/doc/refman/8.4/en/server-system-variables.html#sysvar_wait_timeout,active,0.1.0,,
MY-DUR-008,"mysql,mariadb",DUR,100,Replica not crash-safe,replica,0,fast,sql,,,any,,,,S,low,"Replica with relay_log_recovery OFF, or FILE-based position repositories.",,"@dbt_v_relay_log_recovery, @dbt_v_master_info_repository, @dbt_v_relay_log_info_repository, @dbt_is_replica",reference/checks-mysql.md#my-dur-008,https://dev.mysql.com/doc/refman/8.4/en/replica-logs.html,active,0.1.0,,
MY-IDX-005,"mysql,mariadb",IDX,100,Write-heavy table carrying many indexes,relation,1,fast,sql,,,any,SELECT ON performance_schema.*,,,M,med,A table with >= 10 indexes has taken >= 1 M row writes.,many_indexes=10;min_writes=1000000,"information_schema.STATISTICS (index count), sys.schema_table_statistics (rows_inserted + rows_updated + rows_deleted)",reference/checks-mysql.md#my-idx-005,https://dev.mysql.com/doc/refman/8.4/en/optimization-indexes.html,active,0.1.0,,
MY-IDX-006,"mysql,mariadb",IDX,100,Table fragmentation (DATA_FREE) high,relation,1,fast,sql,,,any,,,,L,med,DATA_FREE >= 30% of data plus index on a table >= 1 GB.,fragmented_table_bytes=1073741824;data_free_ratio=0.30,"information_schema.TABLES (DATA_FREE, DATA_LENGTH, INDEX_LENGTH), @@GLOBAL.innodb_file_per_table",reference/checks-mysql.md#my-idx-006,https://dev.mysql.com/doc/refman/8.4/en/optimize-table.html,active,0.1.0,,
MY-LOCK-009,"mysql,mariadb",LOCK,100,Query running for over 10 minutes,session,0,fast,sql,,,any,PROCESS,,,S,low,A non-replication query has run >= 600 s.,long_query_seconds=600,information_schema.PROCESSLIST,reference/checks-mysql.md#my-lock-009,https://dev.mysql.com/doc/refman/8.4/en/show-processlist.html,active,0.1.0,,
MY-MEM-003,"mysql,mariadb",MEM,100,Buffer pool over 80 percent of host RAM,setting,0,fast,sql,,,any,os,,,M,med,Buffer pool >= 80% of host RAM.,pool_ram_ceiling=0.80,"@@GLOBAL.innodb_buffer_pool_size, @dbt_ram_bytes",reference/checks-mysql.md#my-mem-003,https://dev.mysql.com/doc/refman/8.4/en/innodb-buffer-pool-resize.html,active,0.1.0,,
MY-MEM-004,"mysql,mariadb",MEM,100,Buffer pool read miss rate high,cluster,0,fast,sql,,,any,,,,M,low,Buffer pool miss rate >= 5% over >= 10 M read requests.,miss_ratio=0.05;min_read_requests=10000000,"@dbt_s_innodb_buffer_pool_reads, @dbt_s_innodb_buffer_pool_read_requests",reference/checks-mysql.md#my-mem-004,https://dev.mysql.com/doc/refman/8.4/en/innodb-buffer-pool.html,active,0.1.0,,
MY-MEM-005,"mysql,mariadb",MEM,100,Implicit temporary tables spilling to disk,cluster,0,fast,sql,,,any,,,,M,low,"Disk temp table ratio >= 25% and >= 1,000/hour.",disk_tmp_ratio=0.25;disk_tmp_per_hour=1000,"@dbt_s_created_tmp_tables, @dbt_s_created_tmp_disk_tables, @@GLOBAL.tmp_table_size, @@GLOBAL.max_heap_table_size, @dbt_v_temptable_max_ram",reference/checks-mysql.md#my-mem-005,https://dev.mysql.com/doc/refman/8.4/en/internal-temporary-tables.html,active,0.1.0,,
MY-MEM-006,"mysql,mariadb",MEM,100,Oversized per-session buffers,setting,0,fast,sql,,,any,,,,S,med,Any per-session buffer >= 8 MB globally.,session_buffer_bytes=8388608,"@@GLOBAL.sort_buffer_size, join_buffer_size, read_buffer_size, read_rnd_buffer_size",reference/checks-mysql.md#my-mem-006,https://dev.mysql.com/doc/refman/8.4/en/server-system-variables.html#sysvar_sort_buffer_size,active,0.1.0,,
MY-MEM-008,"mysql,mariadb",MEM,100,"Table open cache too small, or open-file limit at risk",setting,0,fast,sql,,,any,,,,S,low,"Table cache overflows >= 1/min, Opened_tables >= 10/s, or open files >= 80% of the limit.",overflows_per_minute=1;opened_tables_per_second=10;open_files_ratio=0.80,"@dbt_s_table_open_cache_overflows, @dbt_s_opened_tables, @dbt_s_open_files, @@GLOBAL.table_open_cache, @@GLOBAL.open_files_limit, @dbt_v_table_definition_cache",reference/checks-mysql.md#my-mem-008,https://dev.mysql.com/doc/refman/8.4/en/table-cache.html,active,0.1.0,,
MY-QRY-001,"mysql,mariadb",QRY,100,performance_schema disabled,setting,0,fast,sql,,,any,,,,M,low,performance_schema = OFF.,,@@GLOBAL.performance_schema,reference/checks-mysql.md#my-qry-001,https://dev.mysql.com/doc/refman/8.4/en/performance-schema-quick-start.html,active,0.1.0,,
MY-QRY-003,"mysql,mariadb",QRY,100,"Slow query log off, or its threshold at the default",setting,0,fast,sql,,,any,,,,S,low,"slow_query_log OFF, or long_query_time >= 10 s.",long_query_seconds=10;recommended_long_query_seconds=1,"@@GLOBAL.slow_query_log, @@GLOBAL.long_query_time, @dbt_v_log_slow_extra (MySQL 8.0.14+) / @dbt_v_log_slow_verbosity (MariaDB)",reference/checks-mysql.md#my-qry-003,https://dev.mysql.com/doc/refman/8.4/en/slow-query-log.html,active,0.1.0,,
MY-QRY-010,"mysql,mariadb",QRY,100,One statement digest dominates total latency,query,1,fast,sql,,,any,SELECT ON performance_schema.*,,,M,low,"One digest holds >= 25% of total statement time with >= 1,000 executions.",dominance_ratio=0.25;min_executions=1000,performance_schema.events_statements_summary_by_digest,reference/checks-mysql.md#my-qry-010,https://dev.mysql.com/doc/refman/8.4/en/performance-schema-statement-summary-tables.html,active,0.1.0,,
MY-QRY-012,"mysql,mariadb",QRY,100,Join and scan counters high,cluster,0,fast,sql,,,any,,,,M,low,Select_full_join >= 1% or Select_scan >= 20% of Questions.,full_join_ratio=0.01;scan_ratio=0.20;min_questions=100000,"@dbt_s_select_full_join, @dbt_s_select_scan, @dbt_s_select_range_check, @dbt_s_questions",reference/checks-mysql.md#my-qry-012,https://dev.mysql.com/doc/refman/8.4/en/server-status-variables.html#statvar_Select_full_join,active,0.1.0,,
MY-REL-003,"mysql,mariadb",REL,100,Server version within six months of end of life,cluster,0,fast,sql,,,any,,,,L,med,The server's release branch reaches end of life within 180 days.,eol_warning_days=180;eol_as_of=2026-09-02,as MY-REL-001,reference/checks-mysql.md#my-rel-003,https://endoflife.date/mysql,active,0.1.0,,
MY-REL-004,"mysql,mariadb",REL,100,Patch release behind,cluster,0,fast,derived,,,any,,,,M,low,The server is >= 2 patch releases behind its branch.,,,reference/checks-mysql.md#my-rel-004,https://endoflife.date/mysql,planned,0.1.0,,
MY-REL-006,"mysql,mariadb",REL,100,No evidence of a monitoring agent,cluster,0,fast,sql,,,any,PROCESS;SELECT ON mysql.*,,,M,low,No account or session name matches a known monitoring agent.,,"information_schema.PROCESSLIST (USER, HOST), information_schema.USER_PRIVILEGES",reference/checks-mysql.md#my-rel-006,https://dev.mysql.com/doc/refman/8.4/en/performance-schema.html,active,0.1.0,,
MY-REPL-011,"mysql,mariadb",REPL,100,Single-threaded replica applier while lagging,setting,0,fast,sql,,,any,,,,S,low,Replica lagging with <= 1 applier worker.,lag_warn_seconds=30,"@dbt_v_replica_parallel_workers / @dbt_v_slave_parallel_workers, @dbt_repl_lag_s",reference/checks-mysql.md#my-repl-011,https://dev.mysql.com/doc/refman/8.4/en/replication-options-replica.html#sysvar_replica_parallel_workers,active,0.1.0,,
MY-REPL-013,"mysql,mariadb",REPL,100,Replication heartbeat or connection retry misconfigured,replica,0,fast,sql,,,standby,SELECT ON performance_schema.*,,,S,low,"Retry interval >= 600 s, retry count 0, or heartbeat interval 0.",max_retry_interval=600;min_heartbeat_seconds=0,"performance_schema.replication_connection_configuration (CONNECTION_RETRY_INTERVAL, CONNECTION_RETRY_COUNT, HEARTBEAT_INTERVAL) via @dbt_repl_retry_* / @dbt_repl_heartbeat, set in 01_session.sql §6c",reference/checks-mysql.md#my-repl-013,https://dev.mysql.com/doc/refman/8.4/en/replication-administration-status.html,active,0.1.0,,
MY-REPL-014,"mysql,mariadb",REPL,100,binlog_row_image MINIMAL with logical consumers configured,setting,0,fast,sql,,,any,interview,,,S,low,binlog_row_image = MINIMAL with logical consumers declared.,,"@@GLOBAL.binlog_row_image, @dbt_v_binlog_row_metadata",reference/checks-mysql.md#my-repl-014,https://dev.mysql.com/doc/refman/8.4/en/replication-options-binary-log.html#sysvar_binlog_row_image,active,0.1.0,,
MY-SCHEMA-002,"mysql,mariadb",SCHEMA,100,InnoDB tables without a primary key,relation,1,fast,sql,,,any,,,,L,med,An InnoDB table has no primary key and row-based binary logging is not in use.,max_listed=20,"information_schema.TABLES, information_schema.STATISTICS (PRIMARY), @@GLOBAL.binlog_format, @@GLOBAL.log_bin, @dbt_binlog_dump_threads",reference/checks-mysql.md#my-schema-002,https://dev.mysql.com/doc/refman/8.4/en/innodb-index-types.html,active,0.1.0,,
MY-SCHEMA-008,"mysql,mariadb",SCHEMA,100,Leftover online-schema-change artefacts,relation,1,fast,sql,,,any,,,,S,med,A shadow table or pt-osc trigger from an interrupted schema change remains.,,"information_schema.TABLES, information_schema.TRIGGERS",reference/checks-mysql.md#my-schema-008,https://dev.mysql.com/doc/refman/8.4/en/innodb-online-ddl.html,active,0.1.0,,
MY-SEC-004,"mysql,mariadb",SEC,100,Application accounts allowed from any host,role,0,fast,sql,,,any,SELECT ON mysql.*,,,M,med,A non-privileged account has a wildcard host pattern.,,normalised account source @dbt_acct_src,reference/checks-mysql.md#my-sec-004,https://dev.mysql.com/doc/refman/8.4/en/account-names.html,active,0.1.0,,
MY-SEC-005,"mysql,mariadb",SEC,100,"TLS not enforced, or largely unused",setting,0,fast,sql,,,any,,,,M,med,require_secure_transport OFF and TLS used by < 50% of connections.,tls_usage_ratio=0.50,"@dbt_v_require_secure_transport, @dbt_v_have_ssl, @dbt_v_tls_version, @dbt_s_ssl_accepts, @dbt_s_connections",reference/checks-mysql.md#my-sec-005,https://dev.mysql.com/doc/refman/8.4/en/using-encrypted-connections.html,active,0.1.0,,
MY-SEC-009,"mysql,mariadb",SEC,100,LOAD DATA LOCAL enabled,setting,0,fast,sql,,,any,,,,S,low,local_infile = ON.,,@@GLOBAL.local_infile,reference/checks-mysql.md#my-sec-009,https://dev.mysql.com/doc/refman/8.4/en/load-data-local-security.html,active,0.1.0,,
MY-SEC-010,"mysql,mariadb",SEC,100,FILE privilege unrestricted by secure_file_priv,setting,0,fast,sql,,,any,SELECT ON mysql.*,,,S,med,secure_file_priv empty and at least one account holds FILE.,,"@dbt_v_secure_file_priv, normalised account source (FILE holders)",reference/checks-mysql.md#my-sec-010,https://dev.mysql.com/doc/refman/8.4/en/server-system-variables.html#sysvar_secure_file_priv,active,0.1.0,,
MY-UNDO-004,"mysql,mariadb",UNDO,100,Purge threads at default on a server that is not purging fast enough,setting,0,fast,sql,,,any,,,,M,low,MY-UNDO-002 fired and innodb_purge_threads <= 4.,hll_elevated=100000;purge_threads=4,"@@GLOBAL.innodb_purge_threads, @dbt_hll",reference/checks-mysql.md#my-undo-004,https://dev.mysql.com/doc/refman/8.4/en/innodb-purge-configuration.html,active,0.1.0,,
MY-WAL-002,"mysql,mariadb",WAL,100,Redo log buffer waits,setting,0,fast,sql,,,any,,,,S,low,Innodb_log_waits > 0 and >= 1/hour.,log_waits_per_hour=1,"@dbt_s_innodb_log_waits, @@GLOBAL.innodb_log_buffer_size",reference/checks-mysql.md#my-wal-002,https://dev.mysql.com/doc/refman/8.4/en/innodb-parameters.html#sysvar_innodb_log_buffer_size,active,0.1.0,,
MY-CONN-008,"mysql,mariadb",CONN,150,Thread cache misses,setting,0,fast,sql,,,any,,,,S,low,"Threads_created >= 1% of Connections over >= 100,000 connections.",thread_miss_ratio=0.01;min_connections=100000,"@dbt_s_threads_created, @dbt_s_connections, @@GLOBAL.thread_cache_size",reference/checks-mysql.md#my-conn-008,https://dev.mysql.com/doc/refman/8.4/en/server-system-variables.html#sysvar_thread_cache_size,active,0.1.0,,
MY-CONN-010,"mysql,mariadb",CONN,150,DNS lookups performed on every connection,setting,0,fast,sql,,,any,,,,S,med,skip_name_resolve = OFF.,,"@@GLOBAL.skip_name_resolve, mysql.user host patterns",reference/checks-mysql.md#my-conn-010,https://dev.mysql.com/doc/refman/8.4/en/host-cache.html#host-cache-dns,active,0.1.0,,
MY-CORR-003,"mysql,mariadb",CORR,150,No integrity verification practice,interview,0,fast,interview,,,any,interview,,,M,low,No integrity verification practice reported in the interview.,,,reference/checks-mysql.md#my-corr-003,https://dev.mysql.com/doc/refman/8.4/en/check-table.html,active,0.1.0,,
MY-IDX-002,"mysql,mariadb",IDX,150,"Unused index (smaller, or statistics window too short)",index,1,fast,sql,,,any,SELECT ON performance_schema.*;SELECT ON mysql.*,,,S,med,An index >= 50 MB and < 1 GB has zero reads since restart.,small_unused_index_bytes=52428800;unused_index_bytes=1073741824;min_uptime_days=30,"sys.schema_unused_indexes, or performance_schema.table_io_waits_summary_by_index_usage directly; mysql.innodb_index_stats (stat_name='size') x @@innodb_page_size for size",reference/checks-mysql.md#my-idx-002,https://dev.mysql.com/doc/refman/8.4/en/sys-schema-unused-indexes.html,active,0.1.0,,
MY-IDX-007,"mysql,mariadb",IDX,150,Single-column index on a very low-cardinality column,index,1,fast,sql,,,any,,,,S,med,A single-column index has cardinality <= 3 on a table >= 100 MB.,low_cardinality=3;idx_table_bytes=104857600,"information_schema.STATISTICS (CARDINALITY), information_schema.TABLES",reference/checks-mysql.md#my-idx-007,https://dev.mysql.com/doc/refman/8.4/en/mysql-indexes.html,active,0.1.0,,
MY-IDX-008,"mysql,mariadb",IDX,150,InnoDB persistent statistics stale,relation,1,fast,sql,,,any,SELECT ON mysql.*,,,S,low,"InnoDB statistics >= 30 days old, or innodb_stats_persistent OFF.",stats_age_days=30;stats_table_bytes=1073741824,"mysql.innodb_table_stats (last_update), @@GLOBAL.innodb_stats_persistent, @@GLOBAL.innodb_stats_auto_recalc",reference/checks-mysql.md#my-idx-008,https://dev.mysql.com/doc/refman/8.4/en/innodb-persistent-stats.html,active,0.1.0,,
MY-IDX-009,"mysql,mariadb",IDX,150,Wide composite indexes,index,1,fast,sql,,,any,,,,M,med,An index spans >= 6 columns on a table >= 100 MB.,wide_index_columns=6;idx_table_bytes=104857600,"information_schema.STATISTICS (SEQ_IN_INDEX, SUB_PART), information_schema.COLUMNS for the declared widths",reference/checks-mysql.md#my-idx-009,https://dev.mysql.com/doc/refman/8.4/en/multiple-column-indexes.html,active,0.1.0,,
MY-LOCK-007,"mysql,mariadb",LOCK,150,Deadlocks occurring regularly,cluster,0,fast,sql,,,any,,,,M,low,>= 1 deadlock/day with >= 7 total.,deadlocks_per_day=1;min_deadlocks=7,"information_schema.INNODB_METRICS lock_deadlocks (via @dbt_lock_deadlocks), @dbt_s_innodb_deadlocks (MariaDB status variable), @@GLOBAL.innodb_print_all_deadlocks",reference/checks-mysql.md#my-lock-007,https://dev.mysql.com/doc/refman/8.4/en/innodb-deadlocks.html,active,0.1.0,,
MY-LOCK-008,"mysql,mariadb",LOCK,150,Table-level lock waits,cluster,0,fast,sql,,,any,,,,L,med,Table lock waits >= 1% of table lock requests.,table_lock_wait_ratio=0.01;min_table_locks=10000,"@dbt_s_table_locks_waited, @dbt_s_table_locks_immediate",reference/checks-mysql.md#my-lock-008,https://dev.mysql.com/doc/refman/8.4/en/internal-locking.html,active,0.1.0,,
MY-MEM-010,"mysql,mariadb",MEM,150,Single buffer pool instance with a large pool,setting,0,fast,sql,,,any,,,,M,low,Pool >= 8 GB with innodb_buffer_pool_instances = 1.,large_pool_bytes=8589934592,"@dbt_v_innodb_buffer_pool_instances, @@GLOBAL.innodb_buffer_pool_size",reference/checks-mysql.md#my-mem-010,https://dev.mysql.com/doc/refman/8.4/en/innodb-multiple-buffer-pools.html,active,0.1.0,,
MY-MEM-012,"mysql,mariadb",MEM,150,innodb_flush_method not O_DIRECT on Linux,setting,0,fast,sql,,,any,,,,M,low,innodb_flush_method not O_DIRECT on Linux with a pool >= 4 GB.,large_pool_bytes=4294967296,"@dbt_v_innodb_flush_method, @@GLOBAL.version_compile_os, @@GLOBAL.innodb_buffer_pool_size",reference/checks-mysql.md#my-mem-012,https://dev.mysql.com/doc/refman/8.4/en/innodb-parameters.html#sysvar_innodb_flush_method,active,0.1.0,,
MY-QRY-002,"mysql,mariadb",QRY,150,Statement digest instrumentation incomplete,setting,0,fast,sql,,,any,SELECT ON performance_schema.*,,,S,low,"statements_digest consumer disabled, or digests lost > 0.",,"performance_schema.setup_consumers (statements_digest), @dbt_s_performance_schema_digest_lost, @dbt_v_performance_schema_digests_size",reference/checks-mysql.md#my-qry-002,https://dev.mysql.com/doc/refman/8.4/en/performance-schema-statement-digests.html,active,0.1.0,,
MY-QRY-011,"mysql,mariadb",QRY,150,Statements failing or warning frequently,query,1,fast,sql,,,any,SELECT ON performance_schema.*,,,M,low,"A digest errors on >= 5% of >= 1,000 executions.",error_ratio=0.05;min_executions=1000,"performance_schema.events_statements_summary_by_digest (SUM_ERRORS, SUM_WARNINGS)",reference/checks-mysql.md#my-qry-011,https://dev.mysql.com/doc/refman/8.4/en/performance-schema-statement-summary-tables.html,active,0.1.0,,
MY-QRY-013,"mysql,mariadb",QRY,150,Sort merge passes high,cluster,0,fast,sql,,,any,,,,M,low,Sort_merge_passes >= 10/s.,merge_passes_per_second=10,"@dbt_s_sort_merge_passes, @@GLOBAL.sort_buffer_size",reference/checks-mysql.md#my-qry-013,https://dev.mysql.com/doc/refman/8.4/en/server-status-variables.html#statvar_Sort_merge_passes,active,0.1.0,,
MY-QRY-014,"mysql,mariadb",QRY,150,Plan-hostile patterns in top statement digests,query,1,fast,sql,,,any,SELECT ON performance_schema.*,,,M,low,A top digest matches a plan-hostile text pattern.,top_digests=200;min_executions=100,performance_schema.events_statements_summary_by_digest (DIGEST_TEXT),reference/checks-mysql.md#my-qry-014,https://dev.mysql.com/doc/refman/8.4/en/select-optimization.html,active,0.1.0,,
MY-REL-007,"mysql,mariadb",REL,150,sys schema missing,cluster,0,fast,sql,,,any,,,,S,low,The sys schema has no views.,,information_schema.VIEWS in schema sys (via @dbt_sys_view_count),reference/checks-mysql.md#my-rel-007,https://dev.mysql.com/doc/refman/8.4/en/sys-schema.html,active,0.1.0,,
MY-REL-008,"mysql,mariadb",REL,150,Error log verbosity reduced,setting,0,fast,sql,,,any,,,,S,low,Error log verbosity is below its default.,min_verbosity=2,"@dbt_v_log_error_verbosity (MySQL 5.7+), @dbt_v_log_warnings (MariaDB)",reference/checks-mysql.md#my-rel-008,https://dev.mysql.com/doc/refman/8.4/en/server-system-variables.html#sysvar_log_error_verbosity,active,0.1.0,,
MY-SCHEMA-009,"mysql,mariadb",SCHEMA,150,Very large table not partitioned,relation,1,fast,sql,,,any,,,,L,med,A single-partition table is >= 200 GB.,large_table_bytes=214748364800,"information_schema.TABLES, information_schema.PARTITIONS",reference/checks-mysql.md#my-schema-009,https://dev.mysql.com/doc/refman/8.4/en/partitioning.html,active,0.1.0,,
MY-SCHEMA-010,"mysql,mariadb",SCHEMA,150,"Table with more than 1,000 partitions",relation,1,fast,sql,,,any,,,,L,med,"A table has >= 1,000 partitions.",max_partitions=1000,information_schema.PARTITIONS,reference/checks-mysql.md#my-schema-010,https://dev.mysql.com/doc/refman/8.4/en/partitioning-limitations.html,active,0.1.0,,
MY-SCHEMA-011,"mysql,mariadb",SCHEMA,150,Triggers on high-write tables,relation,1,fast,sql,,,any,SELECT ON performance_schema.*,,,M,med,A table with >= 1 trigger has taken >= 1 M writes.,min_writes=1000000,"information_schema.TRIGGERS, sys.schema_table_statistics",reference/checks-mysql.md#my-schema-011,https://dev.mysql.com/doc/refman/8.4/en/triggers.html,active,0.1.0,,
MY-SCHEMA-014,"mysql,mariadb",SCHEMA,150,Character set or collation inconsistent within a schema,schema,1,fast,sql,,,any,,,,L,med,A schema contains more than one table collation.,,"information_schema.SCHEMATA, information_schema.TABLES, information_schema.COLUMNS",reference/checks-mysql.md#my-schema-014,https://dev.mysql.com/doc/refman/8.4/en/charset-collation-charset.html,active,0.1.0,,
MY-SEC-006,"mysql,mariadb",SEC,150,Deprecated or weak authentication plugins,role,0,fast,sql,,,any,SELECT ON mysql.*,,,M,med,"An account uses mysql_native_password, mysql_old_password or sha256_password.",,normalised account source @dbt_acct_src,reference/checks-mysql.md#my-sec-006,https://dev.mysql.com/doc/refman/8.4/en/pluggable-authentication.html,active,0.1.0,,
MY-SEC-011,"mysql,mariadb",SEC,150,No password validation policy,cluster,0,fast,sql,,,any,,,,M,med,No password validation plugin or component is active.,,"information_schema.PLUGINS, mysql.component (MySQL 8.0+)",reference/checks-mysql.md#my-sec-011,https://dev.mysql.com/doc/refman/8.4/en/validate-password.html,active,0.1.0,,
MY-SEC-012,"mysql,mariadb",SEC,150,Legacy test database or test grants present,schema,0,fast,sql,,,any,,,,S,low,The legacy test schema exists.,,"information_schema.SCHEMATA, information_schema.SCHEMA_PRIVILEGES",reference/checks-mysql.md#my-sec-012,https://dev.mysql.com/doc/refman/8.4/en/default-privileges.html,active,0.1.0,,
MY-WAL-003,"mysql,mariadb",WAL,150,Binary log cache spilling to disk,setting,0,fast,sql,,,any,,,,M,low,"Binlog cache disk-use ratio >= 1% with >= 10,000 uses.",spill_ratio=0.01;min_cache_uses=10000,"@dbt_s_binlog_cache_use, @dbt_s_binlog_cache_disk_use, @@GLOBAL.binlog_cache_size",reference/checks-mysql.md#my-wal-003,https://dev.mysql.com/doc/refman/8.4/en/replication-options-binary-log.html#sysvar_binlog_cache_size,active,0.1.0,,
MY-WAL-005,"mysql,mariadb",WAL,150,innodb_io_capacity at its rotational-disk default on solid-state storage,setting,0,fast,sql,,,any,interview,,,S,low,"io_capacity at defaults with baseline.storage declared as ssd, nvme or cloud.",io_capacity_default=200;io_capacity_max_default=2000,"@@GLOBAL.innodb_io_capacity, @@GLOBAL.innodb_io_capacity_max, @dbt_storage",reference/checks-mysql.md#my-wal-005,https://dev.mysql.com/doc/refman/8.4/en/innodb-configuring-io-capacity.html,active,0.1.0,,
MY-WAL-006,"mysql,mariadb",WAL,150,Buffer pool dirty page ratio high,cluster,0,fast,sql,,,any,,,,M,low,Dirty page ratio >= 75% at snapshot.,dirty_ratio=0.75,"@dbt_s_innodb_buffer_pool_pages_dirty, @dbt_s_innodb_buffer_pool_pages_total, @@GLOBAL.innodb_max_dirty_pages_pct",reference/checks-mysql.md#my-wal-006,https://dev.mysql.com/doc/refman/8.4/en/innodb-buffer-pool-flushing.html,active,0.1.0,,
MY-CFG-001,"mysql,mariadb",CFG,200,Non-default global variables,setting,0,inventory,sql,,,any,SELECT ON performance_schema.*,,,S,low,Always emitted; one row per non-default global variable.,,MySQL: performance_schema.variables_info joined to global_variables; MariaDB: information_schema.SYSTEM_VARIABLES (GLOBAL_VALUE vs DEFAULT_VALUE),reference/checks-mysql.md#my-cfg-001,https://dev.mysql.com/doc/refman/8.4/en/server-system-variables.html,active,0.1.0,,
MY-CFG-003,"mysql,mariadb",CFG,200,Variables differing from the supplied baseline,setting,0,inventory,derived,,,any,,,,S,low,A supplied baseline differs from the running configuration.,,,reference/checks-mysql.md#my-cfg-003,https://dev.mysql.com/doc/refman/8.4/en/server-system-variables.html,planned,0.1.0,,
MY-REL-009,"mysql,mariadb",REL,200,Buffer pool warm-up not configured (review),setting,0,inventory,sql,,,any,,,,S,low,Buffer pool dump-at-shutdown or load-at-startup is OFF.,,"@@GLOBAL.innodb_buffer_pool_dump_at_shutdown, @@GLOBAL.innodb_buffer_pool_load_at_startup, @@GLOBAL.innodb_buffer_pool_dump_pct",reference/checks-mysql.md#my-rel-009,https://dev.mysql.com/doc/refman/8.4/en/innodb-preload-buffer-pool.html,active,0.1.0,,
MY-REPL-012,"mysql,mariadb",REPL,200,server_id left at its default in a replicated topology,setting,0,inventory,sql,,,any,,,,S,low,server_id is 0 or 1 in a replicated topology.,,"@@GLOBAL.server_id, @dbt_v_server_uuid",reference/checks-mysql.md#my-repl-012,https://dev.mysql.com/doc/refman/8.4/en/replication-options.html#sysvar_server_id,active,0.1.0,,
MY-SCHEMA-012,"mysql,mariadb",SCHEMA,200,Legacy character sets and row formats (inventory),schema,1,inventory,sql,,,any,,,,L,med,Tables use a legacy character set or a pre-Barracuda row format.,,"information_schema.TABLES (TABLE_COLLATION, ROW_FORMAT)",reference/checks-mysql.md#my-schema-012,https://dev.mysql.com/doc/refman/8.4/en/charset-unicode-conversion.html,active,0.1.0,,
MY-SEC-014,"mysql,mariadb",SEC,200,Listening on all interfaces (review),setting,0,inventory,sql,,,any,,,,M,med,bind_address is unrestricted and skip_networking is OFF.,,"@@GLOBAL.bind_address, @@GLOBAL.port, @@GLOBAL.skip_networking",reference/checks-mysql.md#my-sec-014,https://dev.mysql.com/doc/refman/8.4/en/server-system-variables.html#sysvar_bind_address,active,0.1.0,,
MY-SEC-015,"mysql,mariadb",SEC,200,No audit logging (review),cluster,0,inventory,sql,,,any,,,,M,low,No audit plugin or component is active.,,"information_schema.PLUGINS, mysql.component",reference/checks-mysql.md#my-sec-015,https://dev.mysql.com/doc/refman/8.4/en/audit-log.html,active,0.1.0,,
MY-SEC-007,"mysql,mariadb",SEC,230,Privileged accounts (review list),role,0,inventory,sql,,,any,SELECT ON mysql.*,,rds=230;aurora=230;cloudsql=230;azure=230,S,low,An account holds any global privilege that escapes its own scope.,,normalised account source @dbt_acct_src,reference/checks-mysql.md#my-sec-007,https://dev.mysql.com/doc/refman/8.4/en/privileges-provided.html,active,0.1.0,,
MY-QRY-004,"mysql,mariadb",QRY,240,Top 10 statements by total latency,query,1,fast,sql,,,any,SELECT ON performance_schema.*,,,S,low,Always emitted when digests are available.,top_n=10,performance_schema.events_statements_summary_by_digest,reference/checks-mysql.md#my-qry-004,https://dev.mysql.com/doc/refman/8.4/en/performance-schema-statement-summary-tables.html,active,0.1.0,,
MY-QRY-005,"mysql,mariadb",QRY,240,Top 10 statements by average latency,query,1,fast,sql,,,any,SELECT ON performance_schema.*,,,S,low,Always emitted when digests are available.,top_n=10,performance_schema.events_statements_summary_by_digest,reference/checks-mysql.md#my-qry-005,https://dev.mysql.com/doc/refman/8.4/en/performance-schema-statement-summary-tables.html,active,0.1.0,,
MY-QRY-006,"mysql,mariadb",QRY,240,Top 10 statements by rows examined per row sent,query,1,fast,sql,,,any,SELECT ON performance_schema.*,,,M,low,Rows examined per row sent >= 100 with >= 100 executions.,top_n=10,performance_schema.events_statements_summary_by_digest,reference/checks-mysql.md#my-qry-006,https://dev.mysql.com/doc/refman/8.4/en/performance-schema-statement-summary-tables.html,active,0.1.0,,
MY-QRY-007,"mysql,mariadb",QRY,240,Top 10 statements creating disk temporary tables,query,1,fast,sql,,,any,SELECT ON performance_schema.*,,,M,low,Statements with disk temporary tables exist.,top_n=10,performance_schema.events_statements_summary_by_digest,reference/checks-mysql.md#my-qry-007,https://dev.mysql.com/doc/refman/8.4/en/internal-temporary-tables.html,active,0.1.0,,
MY-QRY-008,"mysql,mariadb",QRY,240,Top 10 statements with full table scans,query,1,fast,sql,,,any,SELECT ON performance_schema.*,,,M,low,Statements that executed with no index exist.,top_n=10,performance_schema.events_statements_summary_by_digest,reference/checks-mysql.md#my-qry-008,https://dev.mysql.com/doc/refman/8.4/en/performance-schema-statement-summary-tables.html,active,0.1.0,,
MY-QRY-009,"mysql,mariadb",QRY,240,Top 10 statements by execution count,query,1,fast,sql,,,any,SELECT ON performance_schema.*,,,S,low,Always emitted when digests are available.,top_n=10,performance_schema.events_statements_summary_by_digest,reference/checks-mysql.md#my-qry-009,https://dev.mysql.com/doc/refman/8.4/en/performance-schema-statement-summary-tables.html,active,0.1.0,,
MY-QRY-015,"mysql,mariadb",QRY,240,Status snapshot,cluster,0,inventory,sql,,,any,,,,S,low,Always emitted.,,the @dbt_s_* status bundle (01_session.sql §6),reference/checks-mysql.md#my-qry-015,https://dev.mysql.com/doc/refman/8.4/en/server-status-variables.html,active,0.1.0,,
MY-CAP-004,"mysql,mariadb",CAP,250,Schema sizes,schema,1,inventory,sql,,,any,,,,S,low,Always emitted.,,information_schema.TABLES grouped by schema,reference/checks-mysql.md#my-cap-004,https://dev.mysql.com/doc/refman/8.4/en/information-schema-tables-table.html,active,0.1.0,,
MY-CAP-005,"mysql,mariadb",CAP,250,Largest 20 tables,relation,1,inventory,sql,,,any,,,,S,low,Always emitted.,top_n=20,information_schema.TABLES,reference/checks-mysql.md#my-cap-005,https://dev.mysql.com/doc/refman/8.4/en/information-schema-tables-table.html,active,0.1.0,,
MY-CAP-009,"mysql,mariadb",CAP,250,Growth since last snapshot,cluster,0,inventory,derived,,,any,,,,S,low,A previous snapshot exists to compare against.,,,reference/checks-mysql.md#my-cap-009,https://dev.mysql.com/doc/refman/8.4/en/information-schema-tables-table.html,planned,0.1.0,,
MY-INFO-001,"mysql,mariadb",INFO,250,Server identity,cluster,0,inventory,sql,,,any,,,,S,low,Always emitted.,,version and fork facts from 01_session.sql plus the universal settings,reference/checks-mysql.md#my-info-001,https://dev.mysql.com/doc/refman/8.4/en/server-system-variables.html,active,0.1.0,,
MY-INFO-002,"mysql,mariadb",INFO,250,Host resources,host,0,inventory,os,,,any,os,,,S,low,Always emitted when host resources are supplied.,,,reference/checks-mysql.md#my-info-002,https://dev.mysql.com/doc/refman/8.4/en/optimizing-server.html,active,0.1.0,,
MY-INFO-003,"mysql,mariadb",INFO,250,Plugins and components,cluster,0,inventory,sql,,,any,,,,S,low,Always emitted.,,"information_schema.PLUGINS, mysql.component (MySQL 8.0+)",reference/checks-mysql.md#my-info-003,https://dev.mysql.com/doc/refman/8.4/en/information-schema-plugins-table.html,active,0.1.0,,
MY-INFO-004,"mysql,mariadb",INFO,250,Replication topology,cluster,0,inventory,sql,,,any,SELECT ON performance_schema.*,,,S,low,Always emitted.,,"the normalised replica status from 01_session.sql §6c, @dbt_binlog_dump_threads, semi-sync status, GTID variables",reference/checks-mysql.md#my-info-004,https://dev.mysql.com/doc/refman/8.4/en/replication.html,active,0.1.0,,
MY-INFO-005,"mysql,mariadb",INFO,250,Connection summary,cluster,0,inventory,sql,,,any,PROCESS,,,S,low,Always emitted.,,information_schema.PROCESSLIST,reference/checks-mysql.md#my-info-005,https://dev.mysql.com/doc/refman/8.4/en/information-schema-processlist-table.html,active,0.1.0,,
MY-INFO-006,"mysql,mariadb",INFO,250,InnoDB summary,cluster,0,inventory,sql,,,any,,,,S,low,Always emitted.,,"InnoDB settings (universal ones inline, fork-specific ones from the bundle), information_schema.TABLES for data size by engine",reference/checks-mysql.md#my-info-006,https://dev.mysql.com/doc/refman/8.4/en/innodb-parameters.html,active,0.1.0,,
MY-INFO-007,"mysql,mariadb",INFO,250,Object counts,cluster,1,inventory,sql,,,any,,,,S,low,Always emitted.,,"information_schema TABLES, VIEWS, ROUTINES, TRIGGERS, EVENTS, PARTITIONS, STATISTICS, TABLE_CONSTRAINTS",reference/checks-mysql.md#my-info-007,https://dev.mysql.com/doc/refman/8.4/en/information-schema.html,active,0.1.0,,
MY-INFO-008,"mysql,mariadb",INFO,250,Accounts summary,cluster,0,inventory,sql,,,any,SELECT ON mysql.*,,,S,low,Always emitted.,,normalised account source @dbt_acct_src (01_session.sql §6d),reference/checks-mysql.md#my-info-008,https://dev.mysql.com/doc/refman/8.4/en/grant-tables.html,active,0.1.0,,
MY-INFO-009,"mysql,mariadb",INFO,250,Statistics window,cluster,0,inventory,sql,,,any,,,,S,low,Always emitted.,,"@dbt_uptime_s, @dbt_counter_conf, performance_schema lost-instrument counters",reference/checks-mysql.md#my-info-009,https://dev.mysql.com/doc/refman/8.4/en/server-status-variables.html#statvar_Uptime,active,0.1.0,,
